-- phpMyAdmin SQL Dump
-- version 4.9.7
-- https://www.phpmyadmin.net/
--
-- Host: localhost:3306
-- Generation Time: Jan 02, 2022 at 03:40 PM
-- Server version: 5.6.41-84.1
-- PHP Version: 7.3.32

SET SQL_MODE = "NO_AUTO_VALUE_ON_ZERO";
SET AUTOCOMMIT = 0;
START TRANSACTION;
SET time_zone = "+00:00";


/*!40101 SET @OLD_CHARACTER_SET_CLIENT=@@CHARACTER_SET_CLIENT */;
/*!40101 SET @OLD_CHARACTER_SET_RESULTS=@@CHARACTER_SET_RESULTS */;
/*!40101 SET @OLD_COLLATION_CONNECTION=@@COLLATION_CONNECTION */;
/*!40101 SET NAMES utf8mb4 */;

--
-- Database: `wrxtec69_almoxarifado`
--

-- --------------------------------------------------------

--
-- Table structure for table `consumivel`
--

CREATE TABLE `consumivel` (
  `cod` int(11) NOT NULL,
  `nome` varchar(50) NOT NULL,
  `min` int(11) NOT NULL DEFAULT '0',
  `max` int(11) NOT NULL DEFAULT '0',
  `marca` varchar(50) NOT NULL,
  `quantidade` int(11) NOT NULL DEFAULT '0'
) ENGINE=InnoDB DEFAULT CHARSET=utf8;

--
-- Dumping data for table `consumivel`
--

INSERT INTO `consumivel` (`cod`, `nome`, `min`, `max`, `marca`, `quantidade`) VALUES
(1, 'TRENA', 1, 100, 'DIVERSOS', 0),
(2, 'LAMINA DE SERRA MANUAL', 1, 100, 'DIVERSOS', 0),
(3, 'BOCAL CERÂMICO Nº 5', 1, 100, 'DIVERSOS', 0),
(4, 'LAMINA DE SERRA TICO TICO', 1, 100, 'DIVERSOS', 0),
(5, 'BOCAL CERÂMICO Nº 6', 1, 100, 'DIVERSOS', 0),
(6, 'BOCAL CERÂMICO Nº 7', 1, 100, 'DIVERSOS', 0),
(7, 'BOCAL CERÂMICO Nº 8', 1, 100, 'DIVERSOS', 0),
(8, 'BICO DE CORTE PARA MAÇARICO 2', 1, 100, 'DIVERSOS', 0),
(9, 'BICO DE CORTE PARA MAÇARICO 4', 1, 100, 'DIVERSOS', 0),
(10, 'BICO DE CORTE PARA MAÇARICO 6', 1, 100, 'DIVERSOS', 0),
(11, 'BICO DE CORTE PARA MAÇARICO 8', 1, 100, 'DIVERSOS', 0),
(12, 'BICO DE CORTE PARA MAÇARICO 10', 1, 100, 'DIVERSOS', 0),
(13, 'BICO DE CORTE PARA TARTARUGA OXICORTE', 1, 100, 'DIVERSOS', 0),
(14, 'ISQUEIRO PARA MAÇARICO', 1, 100, 'DIVERSOS', 0),
(15, 'ESCOVA DE AÇO', 1, 100, 'DIVERSOS', 0),
(16, 'LENTE INCOLOR', 1, 100, 'DIVERSOS', 0),
(17, 'LENTE TONALIDADE 10', 1, 100, 'DIVERSOS', 0),
(18, 'ELETRODO TUNGSTÊNIO VERDE 3/32\"', 1, 100, 'DIVERSOS', 0),
(19, 'ELETRODO TUNGSTÊNIO VERMELHO 3/32\"', 1, 100, 'DIVERSOS', 0),
(20, 'ELETRODO TUNGSTÊNIO BRANCO 3/32\"', 1, 100, 'DIVERSOS', 0),
(21, 'PINÇA PARA TUNGSTENIO 1/8\"', 1, 100, 'DIVERSOS', 0),
(22, 'AGULHEIRO', 1, 100, 'DIVERSOS', 0),
(23, 'VÁLVULA CORTA CHAMA OXIGÊNIO', 1, 100, 'DIVERSOS', 0),
(24, 'VÁLVULA CORTA CHAMA PROPANO', 1, 100, 'DIVERSOS', 0),
(25, 'BOCAL PARA TOCHA MIG', 1, 100, 'DIVERSOS', 0),
(26, 'DIFUSOR TOCHA MIG', 1, 100, 'DIVERSOS', 0),
(27, 'BICO DE CONTATO 0,8', 1, 100, 'DIVERSOS', 0),
(28, 'BICO DE CONTATO 0,9', 1, 100, 'DIVERSOS', 0),
(29, 'BICO DE CONTATO 1,0', 1, 100, 'DIVERSOS', 0),
(30, 'BICO DE CONTATO 1,2', 1, 100, 'DIVERSOS', 0),
(31, 'FIXADOR PARA TOCHA TIG 2,4', 1, 100, 'DIVERSOS', 0),
(32, 'PORTA ELETRODO', 1, 100, 'DIVERSOS', 0),
(33, 'JACARÉ', 1, 100, 'DIVERSOS', 0),
(34, 'ARAME PARA SOLDA MIG 0,9 COBREADO', 1, 100, 'DIVERSOS', 0),
(35, 'ARAME PARA SOLDA MIG ALUMINIO', 1, 100, 'DIVERSOS', 0),
(36, 'ARAME PARA SOLDA MIG INOX', 1, 100, 'DIVERSOS', 0),
(37, 'CONDUITES', 1, 100, 'DIVERSOS', 0),
(38, 'ABSORVEDOR DE ENERGIA SAFELINE ', 1, 100, 'HONEYWELL', 0),
(39, 'TENSOR COM INDICADOR DE PRÉ TENSÃO (ESTICADOR)', 1, 100, 'HONEYWELL', 0),
(40, 'SUPORTE DE CANTO', 1, 100, 'BONIER', 0),
(41, 'SUPORTE INTERMEDIÁRIO ', 1, 100, 'HONEYWELL', 0),
(42, ' TRAVA QUEDAS DE CORDA 12 mm', 1, 100, 'DIVERSOS', 0),
(43, 'TRAVA QUEDAS DE CABO DE AÇO 8mm', 1, 100, 'DIVERSOS', 0),
(44, 'DESCENSOR ANTI PANICO ', 1, 100, 'DIVERSOS', 0),
(45, 'PASSADOR INTERMEDIÁRIO RETO', 1, 100, 'DIVERSOS', 0),
(46, 'ABSORVEDOR DE ENERGIA', 1, 100, 'DIVERSOS', 0),
(47, 'INDICADOR DE TENSÃO', 1, 100, 'DIVERSOS', 0),
(48, 'CORRENTE ', 1, 100, 'DIVERSOS', 0),
(49, 'OLHAL MEIO', 1, 100, 'DIVERSOS', 0),
(50, 'OLHAL ', 1, 100, 'M.S.A', 0),
(51, 'OLHAL COM SUPORTE RUD', 1, 100, 'DIVERSOS', 0),
(52, 'PARAFUSO OLHAL 5/8\"', 1, 100, 'DIVERSOS', 0),
(53, 'OLHAL GIRATÓRIO 360°', 1, 100, 'HONEYWELL', 0),
(54, 'OLHAL D-BOLT 5/8\"', 1, 100, 'HONEYWELL', 0),
(55, 'OLHAL Ø12', 1, 100, 'BONIER', 0),
(56, 'OLHAL Ø14', 1, 100, 'BONIER', 0),
(57, 'DOBRADIÇA ', 1, 100, 'DIVERSOS', 0),
(58, 'MOSQUETÃO OVAL', 1, 100, 'DIVERSOS', 0),
(59, 'MALHA RAPIDA', 1, 100, 'DIVERSOS', 0),
(60, 'MOSQUETÃO TIPO O TRAVA MULTIPLA', 1, 100, 'DIVERSOS', 0),
(61, 'MOSQUETÃO TIPO D', 1, 100, 'DIVERSOS', 0),
(62, 'MOSQUETÃO TRAVA SIMPLES', 1, 100, 'DIVERSOS', 0),
(63, 'SUPORTE DE ANCORAGEM WRX', 1, 100, 'DIVERSOS', 0),
(64, 'MATERIAL INOX', 1, 100, 'DIVERSOS', 0),
(65, 'MATERIAL INOX', 1, 100, 'DIVERSOS', 0),
(66, 'ADAPTADOR BARRA ROSCADA', 1, 100, 'DIVERSOS', 0),
(67, 'ABRAÇADEIRA', 1, 100, 'DIVERSOS', 0),
(68, 'ROLAMENTOS', 1, 100, 'DIVERSOS', 0),
(69, 'LAMPADAS', 1, 100, 'DIVERSOS', 0),
(70, 'CANTONEIRAS TUBULAR 39MM', 1, 100, 'DIVERSOS', 0),
(71, 'CANTONEIRAS TUBULAR 41MM', 1, 100, 'DIVERSOS', 0),
(72, 'TROLE BONIER W150', 1, 100, 'BONIER', 0),
(73, 'TROLE VIGA I 6\" - AMERICANO', 1, 100, 'BONIER', 0),
(74, 'TROLE VIGA I 4\" ', 1, 100, 'BONIER', 0),
(75, 'TROLE VIGA I 4\" - AMERICANO', 1, 100, 'BONIER', 0),
(76, 'TROLE VERDE E LARANJA', 1, 100, 'BONIER', 0),
(77, 'TOLE ', 1, 100, 'BONIER', 0),
(78, 'TROLE CABO DE AÇO', 1, 100, 'BONIER', 0),
(79, 'TERMINAL PRENSAVEL', 1, 100, 'DIVERSOS', 0),
(80, 'CHUMBADOR QUÍMICO DE AMPOLA M 16', 1, 100, 'DIVERSOS', 0),
(81, 'CHUMBADOR QUÍMICO TIPO AMPOLA M 20', 1, 100, 'DIVERSOS', 0),
(82, 'CHUMBADOR QUÍMICO TIPO AMPOLA 1/2\"', 1, 100, 'DIVERSOS', 0),
(83, 'CHUMBADOR QUÍMICO TIPO AMPOLA M10', 1, 100, 'DIVERSOS', 0),
(84, 'CHUMBADOR QUÍMICO POLIÉSTER', 1, 100, 'DIVERSOS', 0),
(85, 'SISTEMA DE IÇAMENTO', 1, 100, 'DIVERSOS', 0),
(86, 'CHAPARIAS DIVERSAS', 1, 100, 'DIVERSOS', 0),
(87, 'BATENTE MICRO I', 1, 100, 'DIVERSOS', 0),
(88, 'BATENTE MICRO II', 1, 100, 'DIVERSOS', 0),
(89, 'BATENTE MICRO III', 1, 100, 'DIVERSOS', 0),
(90, 'SILICONE ', 1, 100, 'DIVERSOS', 0),
(91, 'PU', 1, 100, 'DIVERSOS', 0),
(92, 'PLAQUETAS USADAS', 1, 100, 'DIVERSOS', 0),
(93, 'PASSADOR INTERMEDIÁRIO', 1, 100, 'DIVERSOS', 0),
(94, 'MATERIAL ', 1, 100, 'TRACTEL', 0),
(95, 'ESTICADOR MANILHA X MANILHA 5/8\"', 1, 100, 'TRACTEL', 0),
(96, 'ESTICADOR MANILHA X MANILHA M 16', 1, 100, 'TRACTEL', 0),
(97, 'ESTICADOR MANILHA X MANILHA 1/2\"', 1, 100, 'DIVERSOS', 0),
(98, 'SUPORTE ARANHA', 1, 100, 'DIVERSOS', 0),
(99, 'BASE SUPORTE ARANHA', 1, 100, 'DIVERSOS', 0),
(100, 'SUPORTE INFERIOR ', 1, 100, 'DIVERSOS', 0),
(101, 'CONTRA CHAPA SUPORTE INFERIOR E SUPERIOR', 1, 100, 'DIVERSOS', 0),
(102, 'MARCADOR INDUSTRIAL', 1, 100, 'DIVERSOS', 0),
(103, 'GIZ ESCOLAR', 1, 100, 'DIVERSOS', 0),
(104, 'LINHA PESCA ', 1, 100, 'DIVERSOS', 0),
(105, 'LANTERNA PARA CAPACETE', 1, 100, 'DIVERSOS', 0),
(106, 'ABRAÇADEIRA DE NYLON', 1, 100, 'DIVERSOS', 0),
(107, 'LENTE PARA PROTETOR FACIAL VERDE', 1, 100, 'DIVERSOS', 0),
(108, 'LENTE PARA PROTETOR FACIAL 5', 1, 100, 'DIVERSOS', 0),
(109, 'PANO TRAPO KG', 1, 100, 'DIVERSOS', 0),
(110, 'DUREX LARGO', 1, 100, 'DIVERSOS', 0),
(111, 'FITA DUPLA FACE', 1, 100, 'DIVERSOS', 0),
(112, 'FITA CREPE', 1, 100, 'DIVERSOS', 0),
(113, 'FITA ISOLANTE', 1, 100, 'DIVERSOS', 0),
(114, 'BUCHA', 1, 100, 'DIVERSOS', 0),
(115, 'ACETONA', 1, 100, 'DIVERSOS', 0),
(116, 'MANTA XADREZ', 1, 100, 'DIVERSOS', 0),
(117, 'TOALHA MESA', 1, 100, 'DIVERSOS', 0),
(118, 'SACO DE LIXO', 1, 100, 'DIVERSOS', 0),
(119, 'CAPA DE CHUVA AMARELA', 1, 100, 'DIVERSOS', 0),
(120, 'SACO PLASTICO TAMANHOS DIVERSOS', 1, 100, 'DIVERSOS', 0),
(121, 'STRESH', 1, 100, 'DIVERSOS', 0),
(122, 'APARELHO DE LEVANTAMENTO ', 1, 100, 'ROBUSTEC', 0),
(123, 'OLHAL COM ROSCA M20 ', 1, 100, 'VONDER', 0),
(124, 'PARAFUSO OLHAL M24', 1, 100, 'SIDERTECNICA', 0),
(125, 'GRAMPO PARA CINTADEIRA ', 1, 100, 'PHITIL', 0),
(126, 'TRAVA QUEDAS RETRÁTIL MILLER 2,5 m', 1, 100, 'HONEYWELL', 0),
(127, 'TRAVA QUEDAS RETRÁTIL MILLER 1,4 m', 1, 100, 'HONEYWELL', 0),
(128, 'TRAVA QUEDAS RETRÁTIL KARBOR ', 1, 100, 'IRUDEK', 0),
(129, 'TRAVA QUEDAS RETRÁTIL SEKURBLOK 10 m', 1, 100, 'IRUDEK', 0),
(130, 'TRAVA QUEDAS RETRÁTIL TIGER 2,5 m', 1, 100, 'CONQUISTA', 0),
(131, 'LINHA DE VIDA MÓVEL KEEP SAFE ', 1, 100, 'CONQUISTA', 0);

-- --------------------------------------------------------

--
-- Table structure for table `epi`
--

CREATE TABLE `epi` (
  `cod` int(11) NOT NULL,
  `nome` varchar(50) NOT NULL,
  `minimo` int(11) DEFAULT NULL,
  `maximo` int(11) DEFAULT NULL
) ENGINE=InnoDB DEFAULT CHARSET=utf8;

-- --------------------------------------------------------

--
-- Table structure for table `epicompleto`
--

CREATE TABLE `epicompleto` (
  `cod` int(11) NOT NULL,
  `nome` varchar(50) COLLATE utf8_unicode_ci NOT NULL,
  `minimo` int(11) NOT NULL DEFAULT '0',
  `maximo` int(11) NOT NULL DEFAULT '0',
  `nomemarca` varchar(50) COLLATE utf8_unicode_ci NOT NULL,
  `ca` varchar(50) COLLATE utf8_unicode_ci NOT NULL,
  `validade` date NOT NULL,
  `descricao` text COLLATE utf8_unicode_ci,
  `quantidade` int(11) NOT NULL DEFAULT '0'
) ENGINE=InnoDB DEFAULT CHARSET=utf8 COLLATE=utf8_unicode_ci;

--
-- Dumping data for table `epicompleto`
--

INSERT INTO `epicompleto` (`cod`, `nome`, `minimo`, `maximo`, `nomemarca`, `ca`, `validade`, `descricao`, `quantidade`) VALUES
(3, 'MASCARA PFF2', 50, 200, 'CAMPER EQUIPAMENTOS DE PROTEÇÃO LTDA', '38942', '3922-06-02', '', 20),
(4, 'MASCARA PFF2', 50, 200, 'SBRP LTDA', '38955', '3922-07-29', '', 200),
(5, 'OCULOS LENTE TRANSPARENTE', 10, 50, 'POLI-FERR INDUSTRIA E COMERCIO LTDA', '34082', '3924-01-04', '', 6),
(6, 'OCULOS LENTE TRANSPARENTE', 10, 50, 'POLI-FERR INDUSTRIA E COMERCIO LTDA', '34653', '3924-05-27', '', 10),
(7, 'OCULOS ESCURO', 5, 25, 'POLI-FERR INDUSTRIA E COMERCIO LTDA', '34653', '3924-05-27', '', 0),
(8, 'PROTETOR AURICULAR PLUG', 20, 200, 'VILMAR CACCHERO PLASTICOS', '19578', '3923-01-29', '', 1),
(9, 'PROTETOR AURICULAR PLUG', 20, 200, 'DYSTRAY INDUSTRIA E COMERCIO EIRELI', '15485', '3925-09-03', '', 10),
(10, 'PROTETOR AURICULAR PLUG', 20, 200, 'LIBUS DO BRASIL EQUIPAMENTOS LTDA', '35981', '3925-06-18', '', 100),
(11, 'LUVA TATIL PU', 2, 15, 'KALIPSO EQUIPAMENTOS INDIVIDUAIS DE PROTEÇÃO LTDA', '15272', '3925-07-01', '', 4),
(12, 'LUVA VAQUETA CANO CURTO', 10, 50, 'HELIO JONAS CALDERUCCI', '36998', '3926-03-08', '', 28),
(13, 'LUVA VAQUETA CANO CURTO', 10, 50, 'INDCOUROS BOCAINA LTDA', '25973', '3925-11-16', '', 12),
(14, 'LUVA VAQUETA CANO LONGO', 3, 15, 'PROCIPA-INDUSTRIA E COMERCIO DE EPI LTDA', '36844', '3925-08-24', '', 9),
(15, 'AVENTAL DE RASPA', 10, 50, 'ROSA CAMPOS INDUSTRIA E COMERCIO DE EPI EIRELI', '19224', '3923-06-15', '', 24),
(16, 'MANGOTE DE RASPA', 10, 50, 'ROSA CAMPOS INDUSTRIA E COMERCIO DE EPI EIRELI', '27113', '3924-03-18', '', 10),
(17, 'TOUCA SOLDADOR', 10, 50, 'WRX', 'TOUCASOLDADOR', '4001-01-31', '', 0),
(18, 'PERNEIRA DE RASPA', 10, 50, 'ROSA CAMPOS INDUSTRIA E COMERCIO DE EPI EIRELI', '25388', '3923-09-07', '', 9),
(19, 'PERNEIRA DE LONA', 10, 50, 'WRX', 'PERNEIRALONA', '4001-01-31', '', 0),
(20, 'BOTINA DE SEGURANÇA TAMANHOS DIVERSOS', 1, 50, 'MARLUVAS EQUIPAMENTOS DE SEGURANCA LTDA', '43339', '3924-09-27', '', 4),
(22, 'OCULOS DE SOBREPOR', 2, 20, 'LIBUS DO BRASIL EQUIPAMENTOS LTDA', '35763', '3925-07-02', '', 8),
(23, 'PERNEIRA DE LONA', 1, 100, 'ROSA CAMPOS INDUSTRIA E COMERCIO DE EPI EIRELI ', '25388', '3923-09-07', '', 0),
(25, 'AVENTAL COM MANGA DE RASPA', 1, 100, 'ROSA CAMPOS INDUSTRIA E COMERCIO DE EPI EIRELI ', '27113', '3924-03-18', '', 0),
(26, 'MANGA DE RASPA ', 1, 100, 'ROSA CAMPOS INDUSTRIA E COMERCIO DE EPI EIRELI', '27113', '3924-03-18', '', 0),
(29, 'CALÇA 34', 1, 100, 'WORKFORM', 'CJ34', '3925-09-04', '', 0),
(30, 'CALCA 36', 1, 100, 'WORKFORM', 'CJ36', '3925-09-04', '', 0),
(31, 'CALCA 38', 1, 100, 'WORKFORM', 'CJ38', '3925-09-04', '', 0),
(33, 'CALCA 40', 1, 100, 'WORKFACE', 'CJ40', '3925-09-04', '', 0),
(34, 'CALCA 42', 1, 100, 'WORKFACE', 'CJ42', '3925-09-04', '', 0),
(35, 'CALCA 44', 1, 100, 'WORKFACE', 'CJ44', '3925-09-04', '', 0),
(37, 'CALCA 46', 1, 100, 'WORKFACE', 'CJ46', '3925-09-04', '', 0),
(39, 'CALCA 48', 1, 100, 'WORKFACE', 'CJ48', '3925-09-04', '', 0),
(40, 'CALCA 50+', 1, 100, 'WORKFACE', 'CJ50', '3925-09-04', '', 0),
(41, 'MACACAO DE SEGURANCA', 1, 100, 'VICSA SAFETY', 'MS77', '3925-09-04', '', 0),
(42, 'AVENTAL DE PLASTICO', 1, 100, 'PROTDESC', 'AD34', '3925-09-04', '', 0),
(43, 'MACACAO PMG', 1, 100, 'CEDRO', 'MAC12', '3925-09-04', '', 0),
(44, 'CAMISETA MLP', 1, 100, 'WORKFORME', 'CMLP', '3925-09-04', '', 0),
(45, 'CAMISETA MLM', 1, 100, 'WORKFORME', 'CMLM', '3925-09-04', '', 0),
(46, 'CAMISETA CMLG', 1, 100, 'WORKFORME', 'CMLG', '3925-09-04', '', 0),
(47, 'CAQMISETA GG', 1, 100, 'WORKFORME', 'CMLGG', '3925-09-04', '', 0),
(48, 'CAMISETA ML 3', 1, 100, 'WORKFORME', 'CML3', '3925-09-04', '', 0),
(49, 'CAMISETA LM 4', 1, 100, 'WORKFORME', 'CML4', '3925-09-04', '', 0),
(50, 'CAMISA ML 5', 1, 100, 'WORKFORME', 'CML5', '3925-09-04', '', 0),
(51, 'CAMISA ML 4 ', 1, 100, 'WORKFORME', 'CML4', '3924-09-04', '', 0),
(52, 'CAMISA MC 3', 1, 100, 'WORKFORME', 'CMC3', '3925-09-04', '', 0),
(53, 'ROUPA ANTI CHAMA', 1, 100, 'CQ SANTANENSE', 'RAC55', '3925-09-04', '', 0),
(54, 'COLETE REFLETOR', 1, 100, 'Q MAIS', 'CR10', '3925-09-04', '', 0);

-- --------------------------------------------------------

--
-- Table structure for table `ferramenta`
--

CREATE TABLE `ferramenta` (
  `cod` int(11) NOT NULL,
  `nome` varchar(100) COLLATE utf8_unicode_ci NOT NULL,
  `marca` varchar(50) COLLATE utf8_unicode_ci NOT NULL,
  `registro` varchar(50) COLLATE utf8_unicode_ci DEFAULT NULL,
  `stat` int(11) NOT NULL DEFAULT '0',
  `tipo` int(11) NOT NULL DEFAULT '0',
  `quantidade` int(11) DEFAULT '0'
) ENGINE=InnoDB DEFAULT CHARSET=utf8 COLLATE=utf8_unicode_ci;

--
-- Dumping data for table `ferramenta`
--

INSERT INTO `ferramenta` (`cod`, `nome`, `marca`, `registro`, `stat`, `tipo`, `quantidade`) VALUES
(7, 'BATE VAZADOR', 'DIVERSAS', '', 0, 1, 1),
(8, 'VAZADOR 9 MM ', 'DIVERSAS', '', 0, 1, 2),
(9, 'VAZADOR 14 MM ', 'DIVERSAS', '', 0, 1, 1),
(10, 'VAZADOR 16 MM ', 'DIVERSAS', '', 0, 1, 1),
(11, 'VAZADOR 22 MM', 'DIVERSAS', '', 0, 1, 1),
(12, 'VAZADOR 25 MM', 'DIVERSAS', '', 0, 1, 1),
(13, 'VAZADOR 26 MM', 'DIVERSAS', '', 0, 1, 1),
(14, 'VAZADOR 30 MM', 'DIVERSAS', '', 0, 1, 1),
(15, 'VAZADOR 32 MM', 'DIVERSAS', '', 0, 1, 1),
(16, 'VAZADOR 34 MM', 'DIVERSAS', '', 0, 1, 1),
(17, 'VAZADOR 38 MM', 'DIVERSAS', '', 0, 1, 1),
(18, 'VAZADOR 41 MM', 'DIVERSAS', '', 0, 1, 1),
(19, 'VAZADOR 45 MM', 'DIVERSAS', '', 0, 1, 1),
(20, 'VAZADOR 50 MM', 'DIVERSOS', '', 0, 1, 1),
(21, 'CONE DIN 30 MM', 'DIVERSAS', '', 0, 1, 1),
(22, 'ENCAIXE CÔNICO 10 MM', 'DIVERSAS', '', 0, 1, 1),
(23, 'ENCAIXE CÔNICO 11,5 MM', 'DIVERSAS', '', 0, 1, 1),
(24, 'ENCAIXE CÔNICO 12 MM', 'DIVERSAS', '', 0, 1, 5),
(25, 'ENCAIXE CÔNICO 15,9 MM', 'DIVERSAS', '', 0, 1, 1),
(26, 'ENCAIXE CÔNICO 17,5 MM', 'DIVERSAS', '', 0, 1, 1),
(27, 'ENCAIXE CÔNICO 22 MM', 'DIVERSAS', '', 0, 1, 1),
(28, 'ENCAIXE CÔNICO 23 MM', 'DIVERSAS', '', 0, 1, 1),
(29, 'ENCAIXE CÔNICO 24 MM', 'DIVERSAS', '', 0, 1, 3),
(30, 'ENCAIXE CÔNICO 30 MM', 'DIVERSAS', '', 0, 1, 2),
(31, 'PORTA MANDRIL 15 MM', 'DIVERSAS', '', 0, 1, 1),
(32, 'PORTA MANDRIL + MANDRIL 16 MM RETIFICAR', 'DIVERSAS', '', 0, 1, 1),
(33, 'PORTA MANDRIL + MANDRIL 22 MM', 'DIVERSAS', '', 0, 1, 1),
(34, 'PORTA MANDRIL 27 MM', 'DIVERSAS', '', 0, 1, 1),
(35, 'PORTA MANDRIL 32 MM', 'DIVERSAS', '', 0, 1, 1),
(36, 'PORTA MANDRIL 34 MM', 'DIVERSAS', '', 0, 1, 1),
(39, 'ALICATE CRIMPADOR MANUAL 2.0 A 10 MM', 'DIVERSAS', '', 0, 1, 2),
(40, 'ALICATE CRIMPADOR MANUAL 0,75 A 6 MM', 'DIVERSAS', '', 0, 1, 1),
(41, 'ALICATE DE CORTE', 'DIVERSAS', '', 0, 1, 4),
(42, 'ALICATE DE BICO', 'DIVERSAS', '', 0, 1, 2),
(43, 'ALICATE DE PRESSÃO', 'DIVERSAS', '', 0, 1, 5),
(44, 'ALICATE UNIVERSAL ', 'DIVERSAS', '', 0, 1, 3),
(45, 'BROCA SDS PLUS 14 X 140', 'DIVERSOS', '', 0, 1, 1),
(46, 'BROCA SDS PLUS 14 X 370', 'DIVERSAS', '', 0, 1, 1),
(47, 'BROCA SDS PLUS 16 X 90', 'DIVERSAS', '', 0, 1, 4),
(48, 'BROCA SDS PLUS 16 X 130', 'DIVERSAS', '', 0, 1, 2),
(49, 'BROCA SDS PLUS 16 X 230', 'DIVERSAS', '', 0, 1, 1),
(50, 'BROCA SDS PLUS 16 X 240', 'DIVERSAS', '', 0, 1, 1),
(51, 'BROCA SDS PLUS 18 X 220', 'DIVERSAS', '', 0, 1, 2),
(52, 'BROCA SDS PLUS 19 X 120', 'DIVERSAS', '', 0, 1, 1),
(54, 'BROCA SDS PLUS 19 X 130', 'DIVERSAS', '', 0, 1, 1),
(55, 'BROCA SDS PLUS 19 X 230', 'DIVERSAS', '', 0, 1, 1),
(56, 'ALICATE PARA ANEL ELÁSTICO INTERNO PONTA FIXA CURVA 90º', 'DIVERSAS', '', 0, 1, 2),
(57, 'ALICATE PARA ANEL ELÁSTICO EXTERNO PONTA FIXA CURVA 90º', 'DIVERSAS', '', 0, 1, 2),
(58, 'ALICATE PARA ANEL ELÁSTICO EXTERNO PONTA FIXA RETA', 'DIVERSAS', '', 0, 1, 3),
(59, 'ALICATE PARA ANEL ELÁSTICO INTERNO PONTA FIXA RETA ', 'DIVERSAS', '', 0, 1, 1),
(60, 'BROCA SDS PLUS 19 X 360', 'DIVERSAS', '', 0, 1, 1),
(61, 'BROCA SDS PLUS 19 X 370', 'DIVERSAS', '', 0, 1, 1),
(62, 'BROCA SDS PLUS 20 X 120', 'DIVERSAS', '', 0, 1, 1),
(63, 'BROCA SDS PLUS 20 X 130', 'DIVERSAS', '', 0, 1, 2),
(64, 'BROCA SDS PLUS 20 X 370', 'DIVERSAS', '', 0, 1, 2),
(65, 'BROCA SDS PLUS 22 X 170', 'DIVERSAS', '', 0, 1, 4),
(66, 'BROCA SDS PLUS 22 X 220', 'DIVERSAS', '', 0, 1, 1),
(67, 'BROCA SDS PLUS 24 X 170', 'DIVERSAS', '', 0, 1, 3),
(68, 'BROCA SDS PLUS 25 X 170', 'DIVERSAS', '', 0, 1, 3),
(69, 'BROCA SDS PLUS 25 X 180', 'DIVERSAS', '', 0, 1, 1),
(70, 'BROCA SDS PLUS 25 X 230', 'DIVERSAS', '', 0, 1, 1),
(71, 'BROCA SDS PLUS 25 X 360', 'DIVERSAS', '', 0, 1, 1),
(72, 'BROCA SDS PLUS 25 X 370', 'DIVERSAS', '', 0, 1, 1),
(73, 'BROCA SDS PLUS 25 X 220', 'DIVERSAS', '', 0, 1, 2),
(74, 'BROCA SDS PLUS 26 X 170', 'DIVERSAS', '', 0, 1, 1),
(75, 'BROCA SDS PLUS 8 X 90', 'DIVERSAS', '', 0, 1, 1),
(76, 'BROCA SDS PLUS 10 X 90', 'DIVERSAS', '', 0, 1, 1),
(77, 'BROCA SDS PLUS 10 X 180', 'DIVERSAS', '', 0, 1, 1),
(78, 'BROCA SDS PLUS 12 X 140', 'DIVERSAS', '', 0, 1, 4),
(79, 'BROCA SDS PLUS 12 X 90', 'DIVERSAS', '', 0, 1, 5),
(80, 'BROCA SDS PLUS 14 X 140', 'DIVERSOS', '', 0, 1, 4),
(81, 'BROCA SDS PLUS 14 X 180', 'DIVERSAS', '', 0, 1, 2),
(82, 'BROCA SDS PLUS 14 X 260', 'DIVERSAS', '', 0, 1, 1),
(83, 'BROCA MAX 12 X 190', 'DIVERSAS', '', 0, 1, 1),
(84, 'BROCA MAX 14 X 400', 'DIVERSAS', '', 0, 1, 1),
(85, 'BROCA MAX 16 X 190', 'DIVERSAS', '', 0, 1, 1),
(86, 'BROCA MAX 18 X 190', 'DIVERSAS', '', 0, 1, 1),
(87, 'BROCA MAX 25 X 180', 'DIVERSAS', '', 0, 1, 1),
(88, 'BROCA MAX 26 X 220', 'DIVERSAS', '', 0, 1, 2),
(89, 'BROCA MAX 28 X 170', 'DIVERSAS', '', 0, 1, 1),
(90, 'BROCA MAX 38 X 370', 'DIVERSAS', '', 0, 1, 2),
(91, 'ALARGUEADOR', 'DIVERSAS', '', 0, 1, 3),
(92, 'REBITADEIRA MANUAL', 'DIVERSAS', '', 0, 1, 5),
(94, 'REBITADEIRA INDUSTRIAL MANUAL ', 'ORB BRASIL', '', 0, 1, 1),
(95, 'REBITADEIRA INDUSTRIAL MANUAL', 'DIVERSAS', '', 0, 1, 2),
(96, 'DESANDADOR M3 - 10', 'DIVERSAS', '', 0, 1, 1),
(97, 'DESANDADOR M6 - 20', 'DIVERSAS', '', 0, 1, 1),
(98, 'DESANDADOR M8 - 25', 'DIVERSAS', '', 0, 1, 1),
(99, 'DESANDADOR M9 - 27', 'DIVERSAS', '', 0, 1, 1),
(100, 'DESANDADOR Nº 4', 'DIVERSAS', '', 0, 1, 1),
(101, 'DESANDADOR SEM NUMERAÇÃO', 'DIVERSAS', '', 0, 1, 3),
(102, 'DESANDADOR TIPO T', 'DIVERSAS', '', 0, 1, 1),
(103, 'PORTA COSSINETE', 'DIVERSAS', '', 0, 1, 1),
(104, 'NÍVEL BASE IMÃ', 'DIVERSAS', '', 0, 1, 8),
(105, 'ALICATE ENCANADOR', 'DIVERSAS', '', 0, 1, 1),
(106, 'MARTELO BOLA', 'DIVERSAS', '', 0, 1, 14),
(107, 'METRO DE MADEIRA', 'DIVERSAS', '', 0, 1, 2),
(108, 'BATE LINHA', 'DIVERSAS', '', 0, 1, 1),
(109, 'TRENA METALICA 10M', 'DIVERSAS', '', 0, 1, 1),
(110, 'TRENA METALICA 5M', 'DIVERSOS', '', 0, 1, 7),
(111, 'FITA MÉTRICA 50M', 'DIVERSAS', '', 0, 1, 1),
(112, 'FITA MÉTRICA 30M', 'DIVERSAS', '', 0, 1, 3),
(113, 'ESTILETE', 'DIVERSAS', '', 0, 1, 3),
(115, 'CAHVE PARA ESMERILHADEIRA ', 'DIVERSAS', '', 0, 1, 5),
(116, 'CHAVE PARA MANDRIL VC1', 'DIVERSAS', '', 0, 1, 2),
(117, 'CHAVE PARA MANDRIL VC2 ', 'DIVERSAS', '', 0, 1, 4),
(118, 'CHAVE PARA MANDRIL VC3', 'DIVERSOS', '', 0, 1, 10),
(119, 'CHAVE PARA MANDRIL VC4', 'DIVERSAS', '', 0, 1, 0),
(120, 'CHAVE PARA MANDRIL VC5', 'DIVERSAS', '', 0, 1, 2),
(121, 'CHAVE PARA MANDRIL VC6', 'DIVERSAS', '', 0, 1, 0),
(122, 'MANDRIL ADAPTADO PARA SDS 1.5 - 13 MM', 'DIVERSOS', '', 0, 1, 5),
(123, 'MANDRIL ADAPTADO PARA SDS 1.5 - 13 MM - SEM CHAVE', 'DIVERSAS', '', 0, 1, 1),
(124, 'MANDRIL HASTE CONICO 1-19MM', 'DIVERSAS', '', 0, 1, 4),
(125, 'SERRA COPO 19 MM', 'DIVERSAS', '', 0, 1, 1),
(126, 'SERRA COPO 22 MM', 'DIVERSAS', '', 0, 1, 3),
(127, 'SERRA COPO 25 MM', 'DIVERSAS', '', 0, 1, 2),
(128, 'SERRA COPO 27 MM', 'DIVERSAS', '', 0, 1, 1),
(129, 'SERRA COPO 29 MM', 'DIVERSAS', '', 0, 1, 1),
(130, 'SERRA COPO 32 MM', 'DIVERSAS', '', 0, 1, 1),
(131, 'SERRA COPO 51 MM', 'DIVERSAS', '', 0, 1, 1),
(132, 'SERRA COPO 67 MM', 'DIVERSAS', '', 0, 1, 1),
(133, 'SERRA COPO 70 MM', 'DIVERSAS', '', 0, 1, 1),
(134, 'SERRA COPO 75 MM', 'DIVERSAS', '', 0, 1, 1),
(135, 'SERRA COPO 76 MM', 'DIVERSAS', '', 0, 1, 1),
(136, 'SERRA COPO 79 MM', 'DIVERSAS', '', 0, 1, 2),
(137, 'SERRA COPO 111 MM', 'DIVERSAS', '', 0, 1, 1),
(138, 'SERRA COPO 121 MM', 'DIVERSAS', '', 0, 1, 1),
(139, 'SUPORTE PARA SERRA COPO', 'DIVERSAS', '', 0, 1, 4),
(140, 'TROQUESA', 'DIVERSAS', '', 0, 1, 2),
(141, 'APLICADOR DE SILICONE', 'DIVERSAS', '', 0, 1, 8),
(142, 'BROCA HASTE CÔNICA 1.1/2\"', 'DIVERSAS', '', 0, 1, 2),
(143, 'BROCA HASTE CÔNICA 1.1/8\"', 'DIVERSAS', '', 0, 1, 1),
(144, 'BROCA HASTE CÔNICA 1.3/8\"', 'DIVERSAS', '', 0, 1, 3),
(145, 'BROCA HASTE CÔNICA 1.7/16\"', 'DIVERSAS', '', 0, 1, 0),
(146, 'BROCA HASTE CÔNICA 18 MM', 'DIVERSOS', '', 0, 1, 0),
(147, 'BROCA HASTE CÔNICA 2.3/16\"', 'DIVERSAS', '', 0, 1, 1),
(148, 'BROCA HASTE CÔNICA 21 MM', 'DIVERSAS', '', 0, 1, 0),
(149, 'BROCA HASTE CÔNICA 22 MM', 'DIVERSAS', '', 0, 1, 0),
(150, 'BROCA HASTE CÔNICA 24 MM', 'DIVERSAS', '', 0, 1, 1),
(151, 'BROCA HASTE CÔNICA 25 MM', 'DIVERSAS', '', 0, 1, 1),
(152, 'BROCA HASTE CÔNICA 26 MM', 'DIVERSAS', '', 0, 1, 1),
(153, 'BROCA HASTE CÔNICA 27,5 MM', 'DIVERSAS', '', 0, 1, 1),
(154, 'BROCA HASTE CÔNICA 29/32\"', 'DIVERSAS', '', 0, 1, 1),
(155, 'BROCA HASTE CÔNICA 30 MM', 'DIVERSOS', '', 0, 1, 1),
(157, 'BROCA HASTE CÔNICA 31,5 MM', 'DIVERSAS', '', 0, 1, 1),
(158, 'BROCA HASTE CÔNICA 32 MM', 'DIVERSAS', '', 0, 1, 1),
(159, 'BROCA HASTE CÔNICA 34 MM', 'DIVERSAS', '', 0, 1, 1),
(160, 'BROCA HASTE CÔNICA 38 MM', 'DIVERSAS', '', 0, 1, 2),
(161, 'BROCA HASTE CÔNICA 39 MM', 'DIVERSAS', '', 0, 1, 1),
(162, 'BROCA HASTE CÔNICA 40 MM', 'DIVERSAS', '', 0, 1, 1),
(163, 'BROCA HASTE CÔNICA 41 MM', 'DIVERSAS', '', 0, 1, 2),
(164, 'BROCA HASTE CÔNICA 42 MM', 'DIVERSAS', '', 0, 1, 1),
(165, 'BROCA HASTE CÔNICA 45 MM', 'DIVERSAS', '', 0, 1, 1),
(166, 'BROCA HASTE CÔNICA 46 MM', 'DIVERSAS', '', 0, 1, 1),
(167, 'BROCA HASTE CÔNICA 48 MM', 'DIVERSAS', '', 0, 1, 1),
(169, 'CHAVE DE GRIFO 12\"', 'DIVERSAS', '', 0, 1, 1),
(170, 'CHAVE DE GRIFO 10\"', 'DIVERSAS', '', 0, 1, 0),
(171, 'CHAVE DE GRIFO 14\"', 'DIVERSAS', '', 0, 1, 11),
(172, 'CHAVE DE GRIFO 24\"', 'DIVERSAS', '', 0, 1, 1),
(173, 'LIMA REDONDA', 'DIVERSAS', '', 0, 1, 18),
(174, 'LIMA MEIA CANA', 'DIVERSAS', '', 0, 1, 16),
(175, 'LIMA CHATA', 'DIVERSAS', '', 0, 1, 22),
(176, 'LIMA QUADRADA', 'DIVERSAS', '', 0, 1, 2),
(177, 'SERRA SABRE 110V MOD JR3070CT', 'MAKITA', '', 0, 1, 1),
(178, 'CHANFRADEIRA ELÉTRICA BM 20 ANGULAÇÃO 15 A 60º 220V', 'CELCO', '', 0, 1, 1),
(179, 'REBITADEIRA A BATERIA PB64 COM CARREGADOR E DUAS BATERIAS', 'PULL LINK', '', 0, 1, 4),
(185, 'ENROLADOR DE CABOS MANUAL M 51 M01A205', 'CEVILLA', '', 0, 1, 1),
(186, 'FURADEIRA DD EC 01', 'HILTI', '', 0, 1, 1),
(187, 'MARRETA BORRACHA', 'DIVERSAS', '', 0, 1, 2),
(188, 'ESQUADRO MEDIO', 'DIVERSAS', '', 0, 1, 7),
(189, 'ESQUADRO GRANDE', 'DIVERSAS', '', 0, 1, 4),
(190, 'ARCO DE SERRA', 'DIVERSAS', '', 0, 1, 6),
(191, 'CHAVE PHILIPS', 'DIVERSAS', '', 0, 1, 24),
(192, 'CHAVE DE FENDA', 'DIVERSAS', '', 0, 1, 43),
(193, 'CHAVE ESTRELA DE BATER 70 mm', 'DIVERSAS', '', 0, 1, 3),
(194, 'CHAVE ESTRELA DE BATER 2.5/16\"', 'DIVERSAS', '', 0, 1, 3),
(195, 'CHAVE ESTRELA DE BATER 2.1/4\"', 'DIVERSAS', '', 0, 1, 1),
(196, 'CHAVE ESTRELA DE BATER 60 mm', 'DIVERSAS', '', 0, 1, 1),
(197, 'CHAVE ESTRELA DE BATER 1.7/16´´', 'DIVERSOS', '', 0, 1, 4),
(198, 'CHAVE ESTRELA DE BATER 1.7/8\"', 'DIVERSAS', '', 0, 1, 1),
(199, 'CHAVE ESTRELA DE BATER 1.5/8\"', 'DIVERSAS', '', 0, 1, 3),
(200, 'CHAVE ESTRELA DE BATER 1.1/16\"', 'DIVERSAS', '', 0, 1, 7),
(201, 'CHAVE ESTRELA DE BATER 1.1/8\"', 'DIVERSAS', '', 0, 1, 1),
(202, 'CHAVE ESTRELA DE BATER 41 mm', 'DIVERSAS', '', 0, 1, 2),
(203, 'CHAVE ESTRELA DE BATER 1.1/2\"', 'DIVERSAS', '', 0, 1, 1),
(205, 'CHAVE ESTRELA DE BATER 1.1/4\"', 'DIVERSAS', '', 0, 1, 1),
(206, 'CHAVE COMBINADA 2.1/2\"', 'DIVERSAS', '', 0, 1, 1),
(207, 'CHAVE COMBINADA 2\"', 'DIVERSAS', '', 0, 1, 1),
(208, 'CHAVE COMBINADA 50 mm', 'DIVERSAS', '', 0, 1, 4),
(209, 'CHAVE COMBINADA 1.7/8\"', 'DIVERSAS', '', 0, 1, 3),
(210, 'CHAVE COMBINADA 1.3/16', 'DIVERSOS', '', 0, 1, 4),
(211, 'CHAVE COMBINADA 1.3/4\"', 'DIVERSAS', '', 0, 1, 3),
(212, 'CHAVE COMBINADA 1.5/8\"', 'DIVERSAS', '', 0, 1, 3),
(213, 'CHAVE COMBINADA 1.7/16\"', 'DIVERSAS', '', 0, 1, 8),
(214, 'CHAVE COMBINADA 37 mm', 'DIVERSAS', '', 0, 1, 4),
(215, 'CHAVE COMBINADA 1.3/8\"', 'DIVERSAS', '', 0, 1, 6),
(216, 'CHAVE COMBINADA 1.5/16\"', 'DIVERSAS', '', 0, 1, 12),
(217, 'CHAVE COMBINADA 32 mm', 'DIVERSAS', '', 0, 1, 4),
(218, 'CHAVE COMBINADA 1.1/4\"', 'DIVERSAS', '', 0, 1, 43),
(219, 'CHAVE COMBINADA 1.3/16', 'DIVERSOS', '', 0, 1, 2),
(220, 'CHAVE COMBINADA 30 mm', 'DIVERSAS', '', 0, 1, 4),
(221, 'CHAVE INGLESA 12\"', 'DIVERSAS', '', 0, 1, 4),
(222, 'CHAVE COMBINADA 1.1/8\"', 'DIVERSAS', '', 0, 1, 25),
(223, 'CHAVE COMBINADA 1.1/16\"', 'DIVERSAS', '', 0, 1, 15),
(224, 'CHAVE COMBINADA 1´´', 'DIVERSOS', '', 0, 1, 14),
(225, 'CHAVE COMBINADA 24 mm', 'DIVERSAS', '', 0, 1, 2),
(226, 'CHAVE COMBINADA 15/16´´', 'DIVERSOS', '', 0, 1, 16),
(227, 'CHAVE COMBINADA 22 mm', 'DIVERSAS', '', 0, 1, 3),
(228, 'CHAVE COMBINADA 23 mm', 'DIVERSAS', '', 0, 1, 1),
(229, 'CHAVE COMBINADA 7/8\"', 'DIVERSAS', '', 0, 1, 4),
(230, 'CHAVE COMBINADA 13/16\"', 'DIVERSAS', '', 0, 1, 7),
(231, 'CHAVE COMBINADA 1/2\" ', 'DIVERSAS', '', 0, 1, 2),
(232, 'CHAVE COMBINADA 13 mm', 'DIVERSAS', '', 0, 1, 2),
(233, 'CHAVE COMBINADA 3/4\"', 'DIVERSAS', '', 0, 1, 6),
(234, 'CHAVE COMBINADA 7/16\"', 'DIVERSAS', '', 0, 1, 12),
(235, 'CHAVE COMBINADA 25 MM', 'DIVERSAS', '', 0, 1, 1),
(236, 'CHAVE COMBINADA 10 mm', 'DIVERSAS', '', 0, 1, 1),
(237, 'CHAVE COMBINADA 11 mm', 'DIVERSAS', '', 0, 1, 0),
(238, 'CHAVE COMBINADA 11/16\"', 'DIVERSAS', '', 0, 1, 3),
(239, 'CHAVE COMBINADA 17 mm', 'DIVERSAS', '', 0, 1, 5),
(240, 'CHAVE COMBINADA 3/8\"', 'DIVERSAS', '', 0, 1, 7),
(241, 'CHAVE COMBINADA 5/8\"', 'DIVERSAS', '', 0, 1, 6),
(242, 'CHAVE COMBINADA 8 mm', 'DIVERSAS', '', 0, 1, 1),
(243, 'CHAVE COMBINADA 9 mm', 'DIVERSAS', '', 0, 1, 0),
(244, 'CHAVE COMBINADA 9/16\"', 'DIVERSAS', '', 0, 1, 4),
(245, 'CHAVE COMBINADA 14 mm', 'DIVERSAS', '', 0, 1, 1),
(246, 'CHAVE COMBINADA 7 mm', 'DIVERSAS', '', 0, 1, 2),
(247, 'CHAVE COMBINADA 5/16\"', 'DIVERSAS', '', 0, 1, 2),
(248, 'CHAVE COMBINADA 5 mm', 'DIVERSAS', '', 0, 1, 0),
(249, 'CHAVE COMBINADA 1/4\"', 'DIVERSAS', '', 0, 1, 1),
(250, 'CHAVE COMBINADA 6 mm', 'DIVERSAS', '', 0, 1, 3),
(251, 'SERROTE', 'DIVERSAS', '', 0, 1, 7),
(252, 'MARRETA', 'DIVERSOS', '', 0, 1, 9),
(253, 'ALAVANCA ', 'DIVERSAS', '', 0, 1, 0),
(254, 'PÉ DE CABRA ', 'DIVERSAS', '', 0, 1, 3),
(255, 'ESPINA', 'DIVERSAS', '', 0, 1, 30),
(256, 'PRUMO DE CENTRO', 'DIVERSAS', '', 0, 1, 3),
(257, 'PRUMO DE FACE', 'DIVERSAS', '', 0, 1, 0),
(258, 'LINHA DE PEDREIRO', 'DIVERSAS', '', 0, 1, 18),
(259, 'CHAVE PARA ANDAIME', 'DIVERSAS', '', 0, 1, 2),
(260, 'CHAVE CANHÃO', 'DIVERSAS', '', 0, 1, 3),
(261, 'ESPÁTULA', 'DIVERSAS', '', 0, 1, 5),
(262, 'SACA POLIA', 'DIVERSAS', '', 0, 1, 2),
(263, 'CHAVE BIELA', 'DIVERSAS', '', 0, 1, 3),
(264, 'BLOQUEIO COLETIVO PARA CADEADO', 'DIVERSAS', '', 0, 1, 6),
(265, 'CHAVE PARA RETÍFICA', 'DIVERSAS', '', 0, 1, 13),
(266, 'ALICATE PRESSÃO PARA SOLDA TIPO U', 'DIVERSOS', '', 0, 1, 4),
(267, 'ALICATE PRESSÃO PARA SOLDA', 'DIVERSOS', '', 0, 1, 1),
(268, 'TESOURA CORTA CHAPA', 'DIVERSAS', '', 0, 1, 1),
(269, 'TALHADEIRA MANUAL', 'DIVERSAS', '', 0, 1, 19),
(272, 'ESMERILHADEIRA 4.1/2\" A BATERIA', 'DIVERSAS', '', 0, 1, 7),
(280, 'FURADEIRA SDS A BATERIA', 'DIVERSAS', '', 0, 1, 6),
(287, 'FURADEIRA SDS ELETRICA', 'DIVERSAS', '', 0, 1, 10),
(294, 'ESMERILHADEIRA 7\" 110V', 'DIVERSAS', '', 0, 1, 3),
(295, 'ESMERILHADEIRA 7\" 220V', 'DIVERSAS', '', 0, 1, 10),
(304, 'FURADEIRA ELETRICA', 'DIVERSAS', '', 0, 1, 2),
(305, 'SUPORTE PARA PUNHO', 'MAKITA', '', 0, 1, 16),
(307, 'COMPRESSOR AR DIRETO', 'DIVERSAS', '', 0, 1, 1),
(308, 'CANECO AR DIRETO', 'DIVERSAS', '', 0, 1, 1),
(309, 'CANECO ALTA PRESSÃO', 'DIVERSAS', '', 0, 1, 1),
(310, 'CARREGADOR BATERIA', 'MAKITA', '', 0, 1, 8),
(321, 'CARREGADOR BATERIA', 'BOSCH', '', 0, 1, 3),
(334, 'SERRA CIRCULAR', 'DIVERSAS', '', 0, 1, 2),
(335, 'FONTE 12V PARA LUZ SEM PARTR', 'DIVERSOS', '', 0, 1, 1),
(336, 'LÁPIS ELÉTRICO', 'DIVERSOS', '', 0, 1, 1),
(337, 'BOMBA SAPO', 'DIVERSOS', '', 0, 1, 1),
(338, 'BATERIA', 'MAKITA', '', 0, 1, 18),
(339, 'BATERIA', 'BOSCH', '', 0, 1, 8),
(343, 'PARAFUSADEIRA', 'BOSCH', '', 0, 1, 4),
(344, 'PARAFUSADEIRA', 'DWT', '', 0, 1, 3),
(345, 'SERRA TICO TICO', 'DIVERSOS', '', 0, 1, 2),
(346, 'PLAINA', 'DIVERSOS', '', 0, 1, 1),
(348, 'FACAO', 'DIVERSOS', '', 0, 1, 2),
(349, 'CLIMPADEIRA MANUAL CAIXA AZUL', 'DIVERSOS', '', 0, 1, 1),
(350, 'TARRACHA MANUAL 1.1/4´´', 'DIVERSOS', '', 0, 1, 2),
(351, 'TARRACHA MANUAL 2´´', 'DIVERSOS', '', 0, 1, 2),
(352, 'TARRACHA MANUAL 1.1/2´´', 'DIVERSOS', '', 0, 1, 3),
(353, 'TARRACHA MANUAL 1´´', 'DIVERSOS', '', 0, 1, 5),
(354, 'TARRACHA MANUAL 1/2´´', 'DIVERSOS', '', 0, 1, 4),
(355, 'TARRACHA MANUAL 1/4´´', 'DIVERSOS', '', 0, 1, 2),
(356, 'TARRACHA MANUAL 3/8´´', 'DIVERSOS', '', 0, 1, 1),
(357, 'TARRACHA MANUAL 3/4´´', 'DIVERSOS', '', 0, 1, 2),
(359, 'TARRACHA MANUAL 1´´ A  2´´', 'DIVERSOS', '', 0, 1, 0),
(360, 'TARRACHA MANUAL 2´´ A 4´´', 'DIVERSOS', '', 0, 1, 0),
(361, 'CHAVE FIXA 41 X 46', 'DIVERSOS', '', 0, 1, 0),
(362, 'CHAVE FIXA 1.7/16´´ X 1.5/8´´', 'DIVERSOS', '', 0, 1, 5),
(363, 'CHAVE FIXA 1.5/16´´ X 1.1/2´´', 'DIVERSOS', '', 0, 1, 3),
(364, 'CHAVE FIXA 1.1/16´´ X  1.1/4´´', 'DIVERSOS', '', 0, 1, 1),
(365, 'CHAVE FIXA 1.3/4´´ X 1.5/8´´', 'DIVERSOS', '', 0, 1, 1),
(366, 'CHAVE FIXA 15/16´´ X1´´', 'DIVERSOS', '', 0, 1, 1),
(367, 'CHAVE FIXA 28 X 25', 'DIVERSOS', '', 0, 1, 1),
(368, 'CHAVE FIXA 23 X 21', 'DIVERSOS', '', 0, 1, 1),
(369, 'CHAVE FIXA 1.3/8\" X 1.1/2\"', 'DIVERSAS', '', 0, 1, 1),
(370, 'CHAVE FIXA 20 X 22', 'DIVERSOS', '', 0, 1, 1),
(371, 'CHAVE FIXA 27 X 32', 'DIVERSOS', '', 0, 1, 1),
(372, 'CHAVE FIXA 50 X 46', 'DIVERSOS', '', 0, 1, 1),
(373, 'CHAVE FIXA 3/4´´ X 25/32', 'DIVERSOS', '', 0, 1, 1),
(374, 'CHAVE FIXA 12 X 13', 'DIVERSOS', '', 0, 1, 1),
(375, 'CHAVE FIXA 18 X 19', 'DIVERSOS', '', 0, 1, 3),
(376, 'CHAVE FIXA 36 X 32', 'DIVERSOS ', '', 0, 1, 1),
(377, 'CHAVE ESTRELA 1.1/16´´ X 1.1/4´´', 'DIVERSOS', '', 0, 1, 1),
(378, 'CHAVE ESTRELA 1.3/8´´ X 1.1/2´´', 'DIVERSOS', '', 0, 1, 0),
(379, 'CHAVE ESTRELA 1.7/16´´ X 1.1/4', 'DIVERSOS', '', 0, 1, 1),
(380, 'CHAVE ESTRELA 1.13/16´´ X 2´´', 'DIVERSOS', '', 0, 1, 2),
(381, 'CHAVE ESTRELA 1.5/16´´X 1.1/2´´', 'DIVERSOS', '', 0, 1, 1),
(382, 'CHAVE ESTRELA 3/4´´ X 25/32´´', 'DIVERSOS', '', 0, 1, 1),
(383, 'CHAVE ESTRELA 1.3/4´´ X 1.5/8´´', 'DIVERSOS', '', 0, 1, 1),
(384, 'CHAVE ESTRELA 1.7/16´´ X 1.3/8´´', 'DIVERSOS', '', 0, 1, 1),
(385, 'JOGO CHAVE CATRACA', 'DIVERSOS', '', 0, 1, 5),
(387, 'CORRENTE DE ISOLAMENTO', 'DIVERSOS', '', 0, 1, 0),
(388, 'ADAPTADOR Y PARA GAS SOLDA', 'DIVERSOS', '', 0, 1, 0),
(389, 'MANÔMETRO ARGÔNICO', 'DIVERSOS', '', 0, 1, 0),
(390, 'MANÔMETRO OXIGÊNIO', 'DIVERSOS', '', 0, 1, 0),
(391, 'CAPA LONGA PARA TOCHA TIG', 'DIVERSOS', '', 0, 1, 0),
(392, 'CAPA CURTA PARA TOCHA TIG', 'DIVERSOS', '', 0, 1, 0),
(393, 'MANOMETROS DIVERSOS', 'DIVERSOS', '', 0, 1, 0),
(394, 'MANOMETROS DIVERSOS', 'DIVERSOS', '', 0, 1, 0),
(395, 'PICÃO', 'DIVERSOS', '', 0, 1, 0),
(396, 'CABO SOLDA', 'DIVERSOS', '', 0, 1, 0),
(397, 'MAQUINA DE SOLDA', 'DIVERSAS', '', 0, 1, 7),
(398, 'MAÇARICO', 'DIVERSOS', '', 0, 1, 1),
(399, 'BOLSA PARA VIAGEM GRANDE', 'DIVERSOS', '', 0, 1, 0),
(400, 'BOLSA PARA TRANSPORTE DE FERRAMENTAS', 'DIVERSOS', '', 0, 1, 5),
(401, 'BOLSA PORTA FERRAMENTAS E ACESSÓRIOS ', 'DIVERSOS', '', 0, 1, 2),
(402, 'RADIO COMUNICAÇÃO + CARREGADOR', 'BAOFENG', '', 0, 1, 12),
(404, 'ESQUADRO COMBINADO', 'DIVERSOS', '', 0, 1, 2),
(405, 'COMPASSO', 'DIVERSOS', '', 0, 1, 1),
(406, 'GRAMINHO', 'DIVERSOS', '', 0, 1, 2),
(407, 'ESQUADRO DE PRECISÃO', 'MITUTOYO', '', 0, 1, 1),
(408, 'TRANSFERIDOR DE GRAU', 'DIVERSOS', '', 0, 1, 1),
(409, 'SUNTA', 'DIVERSOS', '', 0, 1, 2),
(410, 'RELÓGIO COMPARADOR COM BASE', 'DIVERSOS', '', 0, 1, 1),
(411, 'DOBRADOR COM TUBO', 'DIVERSOS', '', 0, 1, 1),
(412, 'PROTETOR DE CORDA', 'DIVERSOS', '', 0, 1, 0),
(413, 'CINTADEIRA', 'PHITIL', '', 0, 1, 1),
(414, 'FURADEIRA PNEUMÁTICA 1,5 A 10 MM', 'DIVERSOS', '', 0, 1, 1),
(415, 'GALÃO 5L', 'DIVERSOS', '', 0, 1, 7),
(416, 'KIT JATO DE AREIA', 'DIVERSOS', '', 0, 1, 1),
(417, 'SINTEL DE CORTE MAÇARICO', 'DIVERSOS', '', 0, 1, 1),
(418, 'CANETA DE CORTE MAÇARICO', 'DIVERSOS', '', 0, 1, 3),
(419, 'TORQUÍMETRO DE VARETA ', 'TRAMONTINA', '', 0, 1, 2),
(420, 'TORQUÍMETRO PRO 44508/300 CAP 40-200NM Nº PROVISÓRIO 114', 'TRAMONTINA', '', 0, 1, 1),
(421, 'TORQUÍMETRO 96303 CAP 40- 210NM', 'SATA', '', 0, 1, 2),
(422, 'TORQUÍMETRO  ROBUST MOD 2550-23 CAP 23 Nº 4657 - CAP. 250 N. m', 'DIVERSOS', '', 0, 1, 1),
(423, 'TORQUÍMETRO GEDORE FLEX - 0 - TORK CÓDICO Nº 4657 - CAP. 250 N.m', 'DIVERSOS', '', 0, 1, 1),
(424, 'JOGO DE COSSINETE PARA ROSQUEADEIRA BSPT 1/2´´', 'DIVERSOS', '', 0, 1, 0),
(425, 'JOGO COSSINETE PARA ROSQUEADEIRA ROSCA NPT 2.1/2´´- 4', 'DIVERSOS', '', 0, 1, 0),
(426, 'JOGO COSSINETE PARA TARRACHA MANUAL NPT 1.1/2´´', 'DIVERSOS', '', 0, 1, 0),
(427, 'JOGO DE COSSINETE PARA ROSQUEADEIRA BSPT 1´´ A 2´´', 'DIVERSOS', '', 0, 1, 0),
(428, 'JOGO DE COSSINETE PARA TARRACHA MANUAL NPT 2´´', 'DIVERSOS', '', 0, 1, 0),
(429, 'JOGO DE COSSINETE PARA TARRACHA MANUAL NPT 1´´', 'DIVERSOS', '', 0, 1, 0),
(430, 'JOGO DE COSSINETE PARA TARRACHA MANUAL W 1/4´´', 'DIVERSOS', '', 0, 1, 0),
(431, 'JOGO DE COSSINETE PARA TARRACHA MANUAL NPT 1/4´´', 'DIVERSOS', '', 0, 1, 0),
(432, 'JOGO DE COSSINETE PARA TARRACHA MANUAL NPT 3/8´´', 'DIVERSOS', '', 0, 1, 0),
(433, 'JOGO DE COSSINETE PARA TARRACHA MANUAL NPT 3/4´´', 'DIVERSOS', '', 0, 1, 0),
(434, 'MOSQUETÃO TIPO OVAL INOX', 'DIVERSOS', '', 0, 1, 30),
(435, 'FURADEIRA PARAFUSADEIRA IMPACTA ', 'MAKITA', '', 0, 1, 2),
(436, 'ADAPTADOR PARA CACHIMBOS', 'DIVERSOS', '', 0, 1, 1),
(437, 'CACHIMBO 1.1/16´´', 'DIVERSOS', '', 0, 1, 0),
(438, 'CACHIMBO 1.1/2´´', 'DIVERSOS', '', 0, 1, 1),
(439, 'CACHIMBO 1.1/4´´', 'DIVERSOS', '', 0, 1, 4),
(440, 'CACHIMBO 1.1/8´´', 'DIVERSOS', '', 0, 1, 1),
(441, 'CACHIMBO 1.11/16´´', 'DIVERSOS', '', 0, 1, 1),
(442, 'CACHIMBO 1.3/4´´', 'DIVERSOS', '', 0, 1, 1),
(443, 'CACHIMBO 1.3/8´´', 'DIVERSOS', '', 0, 1, 1),
(444, 'CACHIMBO 1.5/16´´', 'DIVERSOS', '', 0, 1, 1),
(446, 'CACHIMBO 1.5/8´´', 'DIVERSOS', '', 0, 1, 1),
(447, 'CACHIMBO 1.7/16´´', 'DIVERSOS', '', 0, 1, 2),
(448, 'CACHIMBO 10 MM', 'DIVERSOS', '', 0, 1, 0),
(450, 'CACHIMBO 11/16´´', 'DIVERSOS', '', 0, 1, 0),
(451, 'CACHIMBO 13/16´´', 'DIVERSOS', '', 0, 1, 1),
(452, 'CACHIMBO 15/16´´', 'DIVERSOS', '', 0, 1, 3),
(453, 'CACHIMBO 2.1/4´´', 'DIVERSOS', '', 0, 1, 1),
(454, 'CACHIMBO 21 MM', 'DIVERSOS', '', 0, 1, 2),
(455, 'CACHIMBO 22 MM', 'DIVERSOS', '', 0, 1, 2),
(456, 'CACHIMBO 23 MM', 'DIVERSOS', '', 0, 1, 2),
(457, 'CACHIMBO 24 MM', 'DIVERSOS', '', 0, 1, 1),
(458, 'CACHIMBO 26 MM', 'DIVERSOS', '', 0, 1, 1),
(459, 'CACHIMBO 28 MM', 'DIVERSOS', '', 0, 1, 1),
(460, 'CACHIMBO 3/4´´', 'DIVERSOS', '', 0, 1, 1),
(461, 'CACHIMBO 3/8´´', 'DIVERSOS', '', 0, 1, 6),
(462, 'CACHIMBO 30 MM', 'DIVERSOS', '', 0, 1, 1),
(463, 'CACHIMBO 38 MM', 'DIVERSOS', '', 0, 1, 2),
(464, 'CACHIMBO 41 MM', 'DIVERSOS', '', 0, 1, 1),
(465, 'CACHIMBO 46 MM', 'DIVERSOS', '', 0, 1, 1),
(466, 'CACHIMBO 50 MM', 'DIVERSOS', '', 0, 1, 1),
(467, 'CACHIMBO 7/16´´', 'DIVERSOS', '', 0, 1, 1),
(468, 'CACHIMBO 9/16´´', 'DIVERSOS', '', 0, 1, 0),
(469, 'CACHIMBO ALLEN 4', 'DIVERSOS', '', 0, 1, 1),
(470, 'CACHIMBO ALLEN 5', 'DIVERSOS', '', 0, 1, 1),
(471, 'CACHIMBO ALLEN 6', 'DIVERSOS', '', 0, 1, 1),
(472, 'CACHIMBO ALLEN 10', 'DIVERSOS', '', 0, 1, 3),
(473, 'BITS 5/16´´ PARA PARAFUSO', 'DIVERSOS', '', 0, 1, 0),
(474, 'BITS 8MM PARA PARAFUSO', 'DIVERSOS', '', 0, 1, 0),
(475, 'BITS 3/8´´ PARA PARAFUSO', 'DIVERSOS', '', 0, 1, 0),
(476, 'BITS 11/32´´ PARA PARAFUSO', 'DIVERSOS', '', 0, 1, 0),
(477, 'BITS 1/4´´ PARA PARAFUSO', 'DIVERSOS', '', 0, 1, 0),
(478, 'BITS 9/32´´ PARA PARAFUSO', 'DIVERSOS', '', 0, 1, 0),
(479, 'ADAPTADOR PARA CHUMBADOR QUÍMICO', 'DIVERSOS', '', 0, 1, 0),
(480, 'CHAVE ALLEN 2', 'DIVERSOS', '', 0, 1, 5),
(481, 'CHAVE ALLEN 3', 'DIVERSOS', '', 0, 1, 4),
(482, 'CHAVE ALLEN 4', 'DIVERSOS', '', 0, 1, 6),
(483, 'CHAVE ALLEN 5', 'DIVERSOS', '', 0, 1, 10),
(484, 'CHAVE ALLEN 6', 'DIVERSOS', '', 0, 1, 12),
(485, 'CHAVE ALLEN 7', 'DIVERSOS', '', 0, 1, 3),
(486, 'CHAVE ALLEN 8', 'DIVERSOS', '', 0, 1, 8),
(487, 'CHAVE ALLEN 9', 'DIVERSOS', '', 0, 1, 1),
(488, 'CHAVE ALLEN 10', 'DIVERSOS', '', 0, 1, 11),
(489, 'CHAVE ALLEN 11', 'DIVERSOS', '', 0, 1, 0),
(490, 'CHAVE ALLEN 12', 'DIVERSOS', '', 0, 1, 0),
(491, 'CHAVE ALLEN 13', 'DIVERSOS', '', 0, 1, 0),
(492, 'CHAVE ALLEN 14', 'DIVERSOS', '', 0, 1, 4),
(494, 'JOGO DE CHAVE ALLEN', 'DIVERSOS', '', 0, 1, 2),
(495, 'JOGO DE CHAVE TORK', 'DIVERSOS', '', 0, 1, 4),
(496, 'KIT TRAVA', 'DIVERSOS', '', 0, 1, 0),
(497, 'FECHO GRANDE', 'DIVERSOS', '', 0, 1, 0),
(498, 'FECHO GRANDE COM PASSAGEM CADEADO', 'DIVERSOS', '', 0, 1, 0),
(499, 'SUPORTE FECHO', 'DIVERSOS', '', 0, 1, 0),
(500, 'PISTOLA DE COLA QUENTE', 'DIVERSOS', '', 0, 1, 1),
(501, 'MACACO HIDRÁULICO 10T SEM PATRIMONIO, Nº PROVISÓRIO 108', 'DIVERSOS', '', 0, 1, 3),
(504, 'TESTE DE ARRANCAMENTO', 'DIVERSAS', '', 0, 1, 2),
(506, 'MACACO HIDRULICO WORKER', 'DIVERSOS', '', 0, 1, 0),
(507, 'PISTOLA DE CHUMBADOR QUIMICO', 'DIVERSOS', '', 0, 1, 1),
(508, 'EXTENSOR PARA CHAVE CATRACA', 'DIVERSOS', '', 0, 1, 9),
(509, 'KIT CINTA CATRACA PARA CARCA', 'DIVERSOS', '', 0, 1, 3),
(511, 'JOGO SINETE ALFABETO', 'DIVERSOS', '', 0, 1, 8),
(512, 'JOGO SINETE NUMERO', 'DIVERSOS', '', 0, 1, 5),
(513, 'TRAVA CADEADO ', 'DIVERSOS', '', 0, 1, 2),
(515, 'ASPIRADOR DE PÓ A BATERIA MOD. DCL-18Z SEM PATRIMONIO Nº PROVISORIO 80', 'MAKITA', '', 0, 1, 9),
(524, 'MANILHAS PARA USO INTERNO', 'DIVERSOS', '', 0, 1, 0),
(525, 'DINAMOMETRO DIGITAL 5 TON', 'DIVERSOS', '', 0, 1, 1),
(526, 'GUINCHO ', 'M.S.A.', '', 0, 1, 1),
(527, 'TRAVA QUEDAS', 'M.S.A.', '', 0, 1, 1),
(528, 'BOLSA PRETA', 'DIVERSOS', '', 0, 1, 0),
(529, 'LANTERNA', 'DIVERSAS', '', 0, 1, 2),
(530, 'RADIO DE COMUNICAÇÃO + CARREGADOR', 'MOTOROLA', '', 0, 1, 2),
(534, 'ALICATE DESCASCADOR', 'DIVERSAS', '', 0, 1, 2),
(536, 'BROCA MAX 14 X 190', 'DIVERSAS', '', 0, 1, 1),
(537, 'DESANDADOR M4 - 12', 'DIVERSAS', '', 0, 1, 1),
(538, 'BROCA HASTE CÔNICA 8 MM', 'DIVERSAS', '', 0, 1, 2),
(539, 'BROCA HASTE CÔNICA 11 MM', 'DIVERSAS', '', 0, 1, 1),
(540, 'BROCA HASTE CÔNICA 10,7 MM', 'DIVERSAS', '', 0, 1, 1),
(541, 'BROCA HASTE CÔNICA 14 MM', 'DIVERSAS', '', 0, 1, 1),
(542, 'BROCA HASTE CÔNICA 18,5 MM', 'DIVERSAS', '', 0, 1, 1),
(543, 'BROCA HASTE CÔNICA 20,5 MM', 'DIVERSAS', '', 0, 1, 1),
(544, 'BROCA HASTE CÔNICA 14,4 MM', 'DIVERSAS', '', 0, 1, 1),
(545, 'CHAVE DE GRIFO 18\"', 'DIVERSAS', '', 0, 1, 1),
(550, 'CHAVE INGLESA 6\"', 'DIVERSAS', '', 0, 1, 1),
(555, 'CHAVE COMBINADA 16 MM', 'DIVERSOS', '', 0, 1, 1),
(557, 'CHAVE FIXA 41 X 48', 'DIVERSOS', '', 0, 1, 4),
(558, 'CHAVE ESTRELA 1.3/8X1.3/8', 'DIVERSOS', '', 0, 1, 3),
(559, 'MALHA RAPIDA', 'DIVERSOS', '', 0, 1, 24),
(560, 'CHAVE ALLEN 16', 'DIVERSOS', '', 0, 1, 4),
(561, 'CHAVE ALLEN 17', 'DIVERSOS', '', 0, 1, 1),
(562, 'CHAVE ALLEN 18', 'DIVERSOS', '', 0, 1, 1),
(563, 'CRIMPADEIRA MANUAL', 'DIVERSAS', '', 0, 1, 3),
(564, 'TESTE DE ARRANQUE', 'DIVERSOS', '', 0, 1, 1),
(565, 'TESTE DE ARRANQUE', 'DIVERSOS', '', 0, 1, 0),
(566, 'CHAVE COMBINADA 1´´', 'DIVERSOS', '', 0, 1, 28),
(567, 'PRENSA TERNINAL HIDRÁULICO MANUAL 113', 'HIDRAMAC', '', 0, 1, 0),
(568, 'CHAVE ALLEN POLEGADA 9/16', 'DIVERSOS', '', 0, 1, 3),
(569, 'CHAVE ALLEN POLEGADA 1/2', 'DIVERSOS', '', 0, 1, 2),
(570, 'CHAVE ALLEN POLEGADA 3/8', 'DIVERSOS', '', 0, 1, 4),
(571, 'CHAVE ALLEN POLEGADA 1´´', 'DIVERSOS', '', 0, 1, 1),
(572, 'CHAVE ALLEN POLEGADA 1/4', 'DIVERSOS', '', 0, 1, 2),
(573, 'CHAVE ALLEN POLEGADA 7/32', 'DIVERSOS', '', 0, 1, 1),
(574, 'CARREGADOR', 'BAOFENG', '', 0, 1, 0),
(575, 'RÁDIO', 'BAOFENG', '', 0, 1, 0),
(576, 'CHAVE FIXA 1.3/8´´X1.1/2´´', 'DIVERSOS', '', 0, 1, 1),
(577, 'RETIFICA', 'DIVERSOS', '', 0, 1, 0),
(578, 'RETIFICA', 'DIVERSOS', '', 0, 1, 0),
(579, 'PARAFUSADEIRA DWT', 'DIVERSOS', '', 0, 1, 3),
(580, 'MATRIZ INTERCAMBEAVEL 248', 'DIVERSOS', '', 0, 1, 1),
(581, 'MATRIZ INTERCAMBEAVEL 239', 'DIVERSOS', '', 0, 1, 1),
(582, 'MATRIZ INTERCAMBEAVEL 243', 'DIVERSOS', '', 0, 1, 1),
(583, 'MATRIZ INTERCAMBEAVEL 249', 'DIVERSOS', '', 0, 1, 1),
(584, 'MATRIZ INTERCAMBEAVEL 50 REBAIXADA', 'DIVERSAS', '', 0, 1, 3),
(585, 'MATRIZ INTERCAMBEAVEL 50', 'DIVERSOS', '', 0, 1, 3),
(586, 'MATRIZ INTERCAMBEAVEL 237', 'DIVERSOS', '', 0, 1, 1),
(587, 'MATRIZ INTERCAMBEAVEL 28 MM', 'DIVERSOS', '', 0, 1, 1),
(588, 'MATRIZ INTERCAMBEAVEL 27 MM', 'DIVERSOS', '', 0, 1, 1),
(589, 'MATRIZ INTERCAMBEAVEL 26 MM', 'DIVERSOS', '', 0, 1, 1),
(590, 'MATRIZ INTERCAMBEAVEL 29 MM', 'DIVERSOS', '', 0, 1, 3),
(591, 'MATRIZ INTERCAMBEAVEL 30', 'DIVERSOS', '', 0, 1, 2),
(592, 'MATRIZ INTERCAMBEAVEL 32 MM', 'DIVERSOS', '', 0, 1, 0),
(593, 'MATRIZ INTERCAMBEAVEL 25 MM', 'DIVERSOS', '', 0, 1, 1),
(594, 'MATRIZ INTERCAMBEAVEL 35 MM', 'DIVERSOS', '', 0, 1, 1),
(595, 'MATRIZ INTERCAMBEAVEL 31 MM', 'DIVERSOS', '', 0, 1, 1),
(596, 'MATRIZ INTERCAMBEAVEL M 26', 'DIVERSOS', '', 0, 1, 0),
(597, 'MATRIZ INTERCAMBEAVEL M 400', 'DIVERSOS', '', 0, 1, 1),
(598, 'MATRIZ INTERCAMBEAVEL M 150', 'DIVERSOS', '', 0, 1, 1),
(599, 'MATRIZ INTERCAMBEAVEL 242', 'DIVERSOS', '', 0, 1, 1),
(600, 'MATRIZ INTERCAMBEAVEL M 27', 'DIVERSOS', '', 0, 1, 0),
(601, 'MATRIZ INTERCAMBEAVEL M 34', 'DIVERSOS', '', 0, 1, 1),
(602, 'MATRIZ INTERCAMBEAVEL 32', 'DIVERSOS', '', 0, 1, 0),
(603, 'MATRIZ INTERCAMBEAVEL M 35', 'DIVERSOS', '', 0, 1, 0),
(604, 'MATRIZ INTERCAMBEAVEL M 120', 'DIVERSOS', '', 0, 1, 1),
(605, 'MATRIZ INTERCAMBEAVEL M 185', 'DIVERSOS', '', 0, 1, 1),
(606, 'MATRIZ INTERCAMBEAVEL M 22', 'DIVERSOS', '', 0, 1, 1),
(607, 'MATRIZ INTERCAMBEAVEL M 32', 'DIVERSOS', '', 0, 1, 3),
(608, 'MATRIZ INTERCAMBEAVEL 245', 'DIVERSOS', '', 0, 1, 1),
(609, 'MATRIZ INTERCAMBEAVEL M 30', 'DIVERSOS', '', 0, 1, 0),
(610, 'MATRIZ INTERCAMBEAVEL M 37', 'DIVERSOS', '', 0, 1, 1),
(611, 'MATRIZ INTERCAMBEAVEL 238', 'DIVERSOS', '', 0, 1, 1),
(612, 'MATRIZ INTERCAMBEAVEL M 24', 'DIVERSOS', '', 0, 1, 1),
(613, 'FURADEIRA A BATERIA ', 'BOSCH', '', 0, 1, 9),
(614, 'MARRETA', 'DIVERSOS', '', 0, 1, 0),
(615, 'RETIFICA ELETRICA', 'DIVERSOS', '', 0, 1, 5),
(619, 'CLIPADEIRA A BATERIA', 'BURDY', '', 0, 1, 3),
(620, 'FURADEIRA A BATERIA', 'BOSCH', '', 0, 1, 3),
(621, 'ESMERILHADEIRA 7´´', 'DIVERSOS', '', 0, 1, 0),
(622, 'ESMERILHADEIRA 4.1/2\" ELÉTRICA', 'DIVERSOS', '', 0, 1, 11),
(623, 'MACACO PARA TESTE DE ESCOAMENTO DE CABO DE AÇO', 'DIVERSOS', '', 0, 1, 1),
(624, 'PRENSA TERMINAL HIDRAULICO MANUAL', 'HIDRAMAC', '', 0, 1, 1),
(626, 'BROCA AÇO RAPIDO 1/8\"', 'DIVERSAS', '', 0, 1, 4),
(627, 'BROCA AÇO RAPIDO 4 MM', 'DIVERSAS', '', 0, 1, 8),
(628, 'BROCA AÇO RAPIDO 3/16\"', 'DIVERSAS', '', 0, 1, 9),
(629, 'BROCA AÇO RAPIDO 5 MM', 'DIVERSAS', '', 0, 1, 13),
(630, 'BROCA AÇO RAPIDO 5,2 MM', 'DIVERSAS', '', 0, 1, 10),
(631, 'BROCA AÇO RAPIDO 5,5 MM', 'DIVERSAS', '', 0, 1, 11),
(632, 'BROCA AÇO RAPIDO 6 MM', 'DIVERSAS', '', 0, 1, 9),
(633, 'BROCA AÇO RAPIDO 1/4\"', 'DIVERSAS', '', 0, 1, 19),
(634, 'BROCA AÇO RAPIDO 7 MM', 'DIVERSAS', '', 0, 1, 4),
(635, 'BROCA AÇO RAPIDO 7,5 MM', 'DIVERSAS', '', 0, 1, 10),
(637, 'BROCA AÇO RAPIDO 8 MM', 'DIVERSAS', '', 0, 1, 13),
(638, 'BROCA AÇO RAPIDO 8,5 MM', 'DIVERSAS', '', 0, 1, 10),
(639, 'BROCA AÇO RAPIDO 9 MM', 'DIVERSAS', '', 0, 1, 6),
(640, 'BROCA AÇO RAPIDO 3/8\"', 'DIVERSAS', '', 0, 1, 12),
(641, 'BROCA AÇO RAPIDO 10 MM', 'DIVERSAS', '', 0, 1, 2),
(642, 'BROCA AÇO RAPIDO 10,5 MM', 'DIVERSAS', '', 0, 1, 10),
(643, 'BROCA AÇO RAPIDO 11 MM', 'DIVERSAS', '', 0, 1, 12),
(645, 'BROCA AÇO RAPIDO 12 MM', 'DIVERSAS', '', 0, 1, 12),
(646, 'BROCA AÇO RAPIDO 1/2\"', 'DIVERSAS', '', 0, 1, 12),
(647, 'BROCA AÇO RAPIDO 13 MM', 'DIVERSAS', '', 0, 1, 3),
(648, 'BROCA AÇO RAPIDO 14 MM', 'DIVERSAS', '', 0, 1, 9),
(649, 'BROCA AÇO RAPIDO 15 MM', 'DIVERSAS', '', 0, 1, 2),
(650, 'BROCA AÇO RAPIDO 16 MM', 'DIVERSAS', '', 0, 1, 2),
(651, 'BROCA AÇO RAPIDO 17 MM', 'DIVERSAS', '', 0, 1, 2),
(652, 'BROCA AÇO RAPIDO 18 MM', 'DIVERSAS', '', 0, 1, 2),
(653, 'BROCA AÇO RAPIDO 18,5 MM ', 'DIVERSAS', '', 0, 1, 1),
(654, 'BROCA AÇO RAPIDO 19 MM', 'DIVERSAS', '', 0, 1, 2),
(655, 'BROCA AÇO RAPIDO 20 MM', 'DIVERSAS', '', 0, 1, 2),
(656, 'BROCA AÇO RAPIDO 20,5 MM', 'DIVERSAS', '', 0, 1, 3),
(657, 'BROCA AÇO RAPIDO 21,5 MM', 'DIVERSAS', '', 0, 1, 1),
(658, 'BROCA AÇO RAPIDO 7/8\"', 'DIVERSAS', '', 0, 1, 3),
(659, 'BROCA AÇO RAPIDO 25,5 MM', 'DIVERSAS', '', 0, 1, 1),
(660, 'BROCA AÇO RAPIDO 1.7/16\"', 'DIVERSAS', '', 0, 1, 1),
(661, 'EXTENSÃO', 'DIVERSAS', '', 0, 1, 10),
(662, 'ESCALA 1M', 'DIVERSAS', '', 0, 1, 3),
(663, 'ESCALA 2M', 'DIVERSAS', '', 0, 1, 2),
(664, 'MICROTESTE DE CAMADA ', 'MEDTEC ', '', 0, 1, 0),
(665, 'SARGENTO 6\"', 'DIVERSAS', '', 0, 1, 1),
(666, 'SARGENTO 8\"', 'DIVERSAS', '', 0, 1, 2),
(667, 'SARGENTO 10\"', 'DIVERSAS', '', 0, 1, 4),
(668, 'SARGENTO 12\"', 'DIVERSAS', '', 0, 1, 3),
(669, 'SARGENTO 20\"', 'DIVERSAS', '', 0, 1, 1),
(670, 'COLHER DE PEDREIRO', 'DIVERSAS', '', 0, 1, 4),
(671, 'DESEMPENADEIRA', 'DIVERSAS', '', 0, 1, 4),
(672, 'MACHO 1.1/8\"', 'DIVERSAS', '', 0, 1, 1),
(673, 'MACHO M24', 'DIVERSAS', '', 0, 1, 1),
(674, 'MACHO M20', 'DIVERSAS', '', 0, 1, 1),
(675, 'MACHO M16', 'DIVERSAS', '', 0, 1, 3),
(676, 'MACHO M14', 'DIVERSAS', '', 0, 1, 1),
(677, 'MACHO 1/2\"', 'DIVERSAS', '', 0, 1, 2),
(678, 'MACHO M12', 'DIVERSAS', '', 0, 1, 3),
(679, 'MACHO M10', 'DIVERSAS', '', 0, 1, 1),
(680, 'MACHO M8', 'DIVERSAS', '', 0, 1, 1),
(681, 'MACHO M6', 'DIVERSAS', '', 0, 1, 2),
(682, 'MACHO M5', 'DIVERSAS', '', 0, 1, 2),
(683, 'MACHO M4', 'DIVERSAS', '', 0, 1, 1),
(684, 'MACHO 1/4\"', 'DIVERSAS', '', 0, 1, 3),
(685, 'MACHO 5/16\"', 'DIVERSAS', '', 0, 1, 1);

-- --------------------------------------------------------

--
-- Table structure for table `funcaofuncionario`
--

CREATE TABLE `funcaofuncionario` (
  `cod` int(11) NOT NULL,
  `nome` varchar(50) NOT NULL
) ENGINE=InnoDB DEFAULT CHARSET=utf8;

--
-- Dumping data for table `funcaofuncionario`
--

INSERT INTO `funcaofuncionario` (`cod`, `nome`) VALUES
(1, 'Ajudante'),
(4, 'Ajudante II'),
(6, 'Almoxarife'),
(36, 'Auxiliar administrativo'),
(22, 'Coordenadora Administrativa'),
(16, 'Coordenadora de Compras'),
(5, 'Coordenadora Financeira'),
(27, 'Desenhista Projetista I'),
(26, 'Desenhista Projetista III'),
(15, 'Eletricista Força e Controle'),
(10, 'Eletricista Força e Controle I'),
(23, 'Encarregado de Mecânica Junior'),
(11, 'Encarregado de Mecânica Pleno'),
(35, 'Estagiário (a)'),
(8, 'Gerente'),
(21, 'Lider de Montagem Mecânica III'),
(9, 'Mecânico Montador I'),
(12, 'Mecânico Montador II'),
(19, 'Mecânico Montador III'),
(17, 'Mecânico Soldador I'),
(30, 'Mecânico Soldador II'),
(33, 'Mecânico Soldador III'),
(24, 'Mecânico Soldador IV'),
(2, 'Mecânico Soldador V'),
(20, 'Planejador II'),
(13, 'Projetista'),
(14, 'Supervisor '),
(7, 'Supervisor de Projetos'),
(18, 'Técnico em Segurança do Trabalho Sênior');

-- --------------------------------------------------------

--
-- Table structure for table `funcionario`
--

CREATE TABLE `funcionario` (
  `cod` int(11) NOT NULL,
  `nome` varchar(60) NOT NULL,
  `funcao` int(11) NOT NULL,
  `admissao` date NOT NULL,
  `matricula` varchar(50) NOT NULL,
  `stat` int(11) NOT NULL DEFAULT '1'
) ENGINE=InnoDB DEFAULT CHARSET=utf8;

--
-- Dumping data for table `funcionario`
--

INSERT INTO `funcionario` (`cod`, `nome`, `funcao`, `admissao`, `matricula`, `stat`) VALUES
(4, 'Amanda Couto Lopes', 5, '2018-05-15', '84', 1),
(5, 'Ana Carolina Freitas Nascimento', 6, '2020-12-22', '199', 1),
(6, 'Anderson Soares da Silva', 4, '2021-03-01', '205', 1),
(7, 'Antônio Carlos dos Santos Junior', 7, '2018-05-21', '86', 1),
(8, 'Arley Ramon de Andrade', 8, '2018-05-21', '107', 1),
(9, 'Arli Silva Moreira', 9, '2021-10-19', '221', 9),
(10, 'Bruno da Silva Teixeira', 10, '2021-09-27', '217', 1),
(11, 'Bruno Mansano Teixeira', 7, '2019-10-24', '143', 1),
(12, 'Carlos Alberto da Silva', 11, '2020-12-01', '195', 1),
(13, 'Carlos Alberto do Nascimento', 12, '2021-10-13', '218', 1),
(14, 'Cassiano Figueiredo Lopes', 13, '2021-11-17', '227', 1),
(16, 'Clovis de Andrade Filho', 14, '2018-11-01', '111', 1),
(17, 'Daniel Cellare', 15, '2021-10-13', '183', 1),
(18, 'Daniela Pereira dos Santos Pirola', 16, '2021-11-01', '224', 1),
(19, 'Eduardo Henrique de Oliveira Lopes', 7, '2019-05-06', '115', 1),
(20, 'Fabio Souza Silva', 17, '2021-02-17', '204', 1),
(21, 'Genivaldo de Paula', 4, '2021-02-01', '201', 1),
(22, 'Guilherme da Silva Contini', 4, '2021-10-13', '219', 1),
(23, 'Marco Aurelio Latronico Junior', 4, '2021-10-13', '220', 1),
(24, 'Herminio Schrvedt', 18, '2021-05-11', '214', 1),
(25, 'Isaias da Silva Ananias', 12, '2021-07-26', '215', 1),
(26, 'Joao Luiz Paulino da Costa', 19, '2019-10-30', '146', 1),
(27, 'Johannes K Neto', 20, '2019-09-02', '122', 1),
(28, 'Joubert Figueredo Gomes Junior', 21, '2019-09-19', '127', 1),
(29, 'Juliana Fernandes Martins', 22, '2018-05-15', '85', 1),
(30, 'Luan Gabriel da Silva', 23, '2021-02-08', '202', 1),
(31, 'Lucas Bernardes Paulista', 24, '2021-11-03', '225', 1),
(32, 'Luciano de Souza de Andrade', 17, '2021-10-21', '223', 1),
(33, 'Marcela Reis Barcelos Silva', 26, '2020-11-03', '191', 1),
(34, 'Marcos Antonio dos Reis', 27, '2021-11-22', '228', 1),
(35, 'Marcos Paulo Rita', 17, '2021-11-08', '226', 1),
(36, 'Paulo Cesar de Melo', 30, '2019-10-16', '138', 1),
(37, 'Renan Ferreira da Silva', 19, '2020-10-21', '188', 1),
(38, 'Renan Pereira Monteiro Linhares', 30, '2021-03-15', '212', 1),
(39, 'Renato Cesar da Silva', 4, '2021-03-08', '211', 1),
(40, 'Ricardo Benedito de Souza', 33, '2021-03-01', '207', 1),
(41, 'Sebastião Henrique Vilela', 30, '2021-01-11', '200', 1),
(42, 'Silvio Charles Ribeiro', 12, '2021-10-21', '222', 1),
(43, 'Valmir Santos Bomfim', 24, '2020-10-21', '187', 1),
(44, 'Victor Hugo Nogueira Machado', 1, '2021-11-22', '229', 1),
(45, 'Pamela Karoline Bonifacio', 35, '2021-07-20', '', 1),
(46, 'Guilherme Dias do Nascimento', 35, '2021-09-30', '', 1),
(47, 'Gabriel Santos de Farias', 1, '2021-12-06', '234', 1),
(48, 'Jefferson Dalava Santos', 1, '2021-12-01', '232', 1),
(49, 'Jose Antonio Martins', 12, '2021-12-06', '233', 1),
(50, 'Natanael de Paula Batista dos Santos', 1, '2021-12-06', '235', 1),
(51, 'Victor Hugo Nogueira Machado', 1, '2021-11-22', '229', 1),
(52, 'Daniel Lima Roberto', 1, '2021-12-08', '238', 1),
(53, 'Guilherme Marques Sebastiao', 1, '2021-12-08', '237', 1),
(54, 'Milena Barbosa dos Santos', 36, '2021-12-07', '236', 1),
(55, 'Bruno Henrique Ferreira de Melo', 1, '2021-11-24', '231', 1),
(56, 'Amanda Faria Lopes', 27, '2021-12-15', '240', 1),
(57, 'Isamara de Sousa Nascimento', 36, '2021-12-20', '241', 1),
(58, 'Erick Francisquini de Assis Ferreira', 12, '2021-12-13', '236', 1);

-- --------------------------------------------------------

--
-- Table structure for table `login`
--

CREATE TABLE `login` (
  `cod` int(11) NOT NULL,
  `login` varchar(50) NOT NULL,
  `senha` varchar(50) NOT NULL,
  `funcao` int(11) NOT NULL
) ENGINE=InnoDB DEFAULT CHARSET=utf8;

--
-- Dumping data for table `login`
--

INSERT INTO `login` (`cod`, `login`, `senha`, `funcao`) VALUES
(6, 'guilherme', '22566', 0),
(7, 'guilherme', '22566', 0),
(8, 'ana', '330658', 1),
(9, 'ana', '330658', 1),
(10, 'pamela', '171819', 2),
(11, 'ana', '2122', 1),
(12, 'amanda', '343536', 2),
(13, 'amanda', '343536', 2);

-- --------------------------------------------------------

--
-- Table structure for table `marcaconsumivel`
--

CREATE TABLE `marcaconsumivel` (
  `cod` int(11) NOT NULL,
  `nome` varchar(50) NOT NULL,
  `descricao` text NOT NULL,
  `codConsumivel` int(11) NOT NULL
) ENGINE=InnoDB DEFAULT CHARSET=utf8;

-- --------------------------------------------------------

--
-- Table structure for table `marcaepi`
--

CREATE TABLE `marcaepi` (
  `cod` int(11) NOT NULL,
  `nome` varchar(50) NOT NULL,
  `quantidade` int(11) DEFAULT '0',
  `codEPI` int(11) NOT NULL,
  `descricao` text NOT NULL
) ENGINE=InnoDB DEFAULT CHARSET=utf8;

-- --------------------------------------------------------

--
-- Table structure for table `relacionarequisicaocompleta`
--

CREATE TABLE `relacionarequisicaocompleta` (
  `codEPI` int(11) NOT NULL,
  `codRequisicao` int(11) NOT NULL,
  `quantidade` int(11) NOT NULL
) ENGINE=InnoDB DEFAULT CHARSET=utf8 COLLATE=utf8_unicode_ci;

--
-- Dumping data for table `relacionarequisicaocompleta`
--

INSERT INTO `relacionarequisicaocompleta` (`codEPI`, `codRequisicao`, `quantidade`) VALUES
(14, 21, 1),
(13, 22, 1),
(5, 23, 1),
(3, 24, 1),
(8, 25, 1),
(11, 26, 1),
(8, 26, 1),
(8, 27, 1),
(5, 27, 1),
(8, 27, 1),
(3, 28, 1),
(3, 29, 2),
(3, 30, 2),
(3, 31, 2),
(20, 32, 1),
(20, 33, 1),
(22, 33, 1),
(3, 34, 1),
(5, 35, 1),
(3, 36, 1),
(3, 37, 1),
(3, 38, 1),
(11, 38, 1),
(13, 39, 1),
(3, 39, 1),
(5, 40, 1),
(12, 41, 1),
(3, 42, 1),
(12, 43, 1),
(3, 43, 3),
(3, 44, 3),
(22, 44, 1),
(3, 45, 1);

-- --------------------------------------------------------

--
-- Table structure for table `relacionasaidaconsumivel`
--

CREATE TABLE `relacionasaidaconsumivel` (
  `codConsumivel` int(11) NOT NULL,
  `codSaida` int(11) NOT NULL,
  `quantidade` int(11) NOT NULL
) ENGINE=InnoDB DEFAULT CHARSET=utf8;

-- --------------------------------------------------------

--
-- Table structure for table `requisicaosaida`
--

CREATE TABLE `requisicaosaida` (
  `cod` int(11) NOT NULL,
  `dataRequisicao` datetime NOT NULL DEFAULT CURRENT_TIMESTAMP,
  `codResponsavel` int(11) NOT NULL,
  `codFuncionario` int(11) NOT NULL,
  `stat` int(11) NOT NULL DEFAULT '0'
) ENGINE=InnoDB DEFAULT CHARSET=utf8;

--
-- Dumping data for table `requisicaosaida`
--

INSERT INTO `requisicaosaida` (`cod`, `dataRequisicao`, `codResponsavel`, `codFuncionario`, `stat`) VALUES
(21, '2021-11-27 08:28:34', 1, 31, 0),
(22, '2021-11-27 08:29:17', 1, 36, 0),
(23, '2021-11-27 08:29:57', 1, 12, 0),
(24, '2021-11-29 07:43:28', 1, 31, 0),
(25, '2021-11-29 15:37:21', 1, 44, 0),
(26, '2021-12-01 09:14:26', 1, 14, 0),
(27, '2021-12-01 09:15:22', 1, 34, 0),
(28, '2021-12-01 09:15:56', 1, 35, 0),
(29, '2021-12-01 09:16:33', 1, 38, 0),
(30, '2021-12-01 09:16:58', 1, 26, 0),
(31, '2021-12-01 09:17:18', 1, 36, 0),
(32, '2021-12-01 11:06:00', 1, 34, 0),
(33, '2021-12-01 11:06:56', 1, 14, 0),
(34, '2021-12-02 11:22:14', 1, 31, 0),
(35, '2021-12-03 16:50:50', 1, 33, 0),
(36, '2021-12-03 16:56:36', 1, 44, 0),
(37, '2021-12-06 12:50:59', 1, 28, 0),
(38, '2021-12-06 12:51:46', 1, 10, 0),
(39, '2021-12-06 12:52:22', 1, 44, 0),
(40, '2021-12-06 15:46:06', 1, 39, 0),
(41, '2021-12-07 15:30:17', 1, 25, 0),
(42, '2021-12-07 16:14:41', 1, 44, 0),
(43, '2021-12-07 16:16:00', 1, 25, 0),
(44, '2021-12-07 16:19:59', 1, 28, 0),
(45, '2021-12-21 14:48:32', 1, 5, 0);

-- --------------------------------------------------------

--
-- Table structure for table `responsavel`
--

CREATE TABLE `responsavel` (
  `nome` varchar(50) NOT NULL,
  `cod` int(11) NOT NULL,
  `senha` varchar(50) NOT NULL
) ENGINE=InnoDB DEFAULT CHARSET=utf8;

--
-- Dumping data for table `responsavel`
--

INSERT INTO `responsavel` (`nome`, `cod`, `senha`) VALUES
('Ana', 1, '2122');

-- --------------------------------------------------------

--
-- Table structure for table `saidaconsumiveis`
--

CREATE TABLE `saidaconsumiveis` (
  `codresp` int(11) NOT NULL,
  `codcons` int(11) NOT NULL,
  `cod` int(11) NOT NULL,
  `codfunc` int(11) NOT NULL,
  `stat` int(11) NOT NULL DEFAULT '0',
  `dia` datetime NOT NULL DEFAULT CURRENT_TIMESTAMP,
  `quantidade` int(11) NOT NULL DEFAULT '1'
) ENGINE=InnoDB DEFAULT CHARSET=utf8 COLLATE=utf8_unicode_ci;

--
-- Dumping data for table `saidaconsumiveis`
--

INSERT INTO `saidaconsumiveis` (`codresp`, `codcons`, `cod`, `codfunc`, `stat`, `dia`, `quantidade`) VALUES
(1, 106, 1, 4, 0, '2021-12-21 14:22:48', 2);

-- --------------------------------------------------------

--
-- Table structure for table `saidaFerramenta`
--

CREATE TABLE `saidaFerramenta` (
  `cod` int(11) NOT NULL,
  `hora` datetime DEFAULT CURRENT_TIMESTAMP,
  `codFerramenta` int(11) NOT NULL,
  `stat` int(11) NOT NULL DEFAULT '0',
  `codFuncionario` int(11) NOT NULL
) ENGINE=InnoDB DEFAULT CHARSET=utf8 COLLATE=utf8_unicode_ci;

--
-- Dumping data for table `saidaFerramenta`
--

INSERT INTO `saidaFerramenta` (`cod`, `hora`, `codFerramenta`, `stat`, `codFuncionario`) VALUES
(6, '2021-12-17 16:06:43', 255, 1, 5),
(7, '2021-12-17 16:06:43', 77, 1, 5),
(8, '2021-12-20 13:23:51', 405, 1, 8),
(9, '2021-12-20 13:37:50', 436, 1, 4),
(10, '2021-12-21 07:31:50', 614, 1, 47),
(11, '2021-12-21 07:31:51', 269, 1, 47),
(12, '2021-12-21 07:33:36', 622, 1, 25),
(13, '2021-12-21 07:35:57', 92, 1, 52),
(14, '2021-12-21 07:35:58', 435, 1, 52),
(15, '2021-12-21 07:35:58', 141, 1, 52),
(16, '2021-12-21 07:35:59', 436, 1, 52),
(17, '2021-12-21 07:46:00', 272, 1, 42),
(18, '2021-12-21 07:50:00', 229, 1, 22),
(19, '2021-12-21 08:02:13', 622, 1, 25),
(20, '2021-12-21 08:02:29', 622, 1, 42),
(21, '2021-12-21 08:05:47', 622, 1, 52),
(22, '2021-12-21 08:09:15', 661, 1, 49),
(23, '2021-12-21 08:17:17', 44, 1, 50),
(24, '2021-12-21 08:20:31', 334, 1, 53),
(25, '2021-12-21 08:24:07', 661, 1, 53),
(26, '2021-12-21 09:09:34', 614, 1, 47),
(27, '2021-12-21 09:09:35', 269, 1, 47),
(28, '2021-12-21 09:09:57', 44, 1, 10),
(29, '2021-12-21 09:09:57', 106, 1, 10),
(30, '2021-12-21 09:10:51', 304, 1, 25),
(31, '2021-12-21 09:13:14', 252, 1, 44),
(32, '2021-12-21 09:13:15', 436, 1, 44),
(33, '2021-12-21 09:13:55', 622, 1, 50),
(34, '2021-12-21 09:13:56', 661, 1, 50),
(35, '2021-12-21 09:14:56', 640, 1, 49),
(36, '2021-12-21 09:15:58', 435, 1, 49),
(37, '2021-12-21 09:16:27', 626, 1, 49),
(38, '2021-12-21 09:19:48', 269, 1, 44),
(39, '2021-12-21 10:33:30', 661, 1, 52),
(40, '2021-12-21 10:41:14', 621, 1, 44),
(41, '2021-12-21 10:41:15', 661, 1, 44),
(42, '2021-12-21 11:06:59', 188, 1, 52),
(43, '2021-12-21 11:18:14', 665, 1, 13),
(44, '2021-12-21 11:18:15', 665, 1, 13),
(45, '2021-12-21 11:19:16', 666, 1, 13),
(46, '2021-12-21 11:20:53', 92, 1, 13),
(47, '2021-12-21 12:54:13', 435, 1, 23),
(48, '2021-12-21 12:54:13', 141, 1, 23),
(49, '2021-12-21 12:54:14', 473, 1, 23),
(50, '2021-12-21 12:54:15', 475, 1, 23),
(51, '2021-12-21 13:42:15', 668, 1, 52),
(52, '2021-12-21 13:42:16', 668, 1, 52),
(53, '2021-12-21 13:50:12', 633, 1, 41),
(54, '2021-12-21 13:50:13', 648, 1, 41),
(55, '2021-12-21 14:21:45', 388, 1, 4),
(56, '2021-12-21 14:41:22', 192, 1, 53),
(57, '2021-12-21 14:41:23', 191, 1, 53),
(58, '2021-12-21 14:50:18', 79, 1, 53),
(59, '2021-12-21 14:50:19', 287, 1, 53),
(60, '2021-12-21 14:50:42', 255, 1, 39),
(61, '2021-12-21 14:51:32', 661, 1, 50),
(62, '2021-12-21 14:56:46', 304, 1, 25),
(63, '2021-12-21 15:01:49', 627, 1, 25),
(64, '2021-12-21 15:03:17', 261, 1, 10),
(65, '2021-12-21 15:10:22', 188, 1, 44),
(66, '2021-12-21 15:22:10', 667, 1, 52),
(67, '2021-12-21 15:22:11', 667, 1, 52),
(68, '2021-12-21 15:22:12', 667, 1, 52),
(69, '2021-12-21 15:22:12', 667, 1, 52),
(70, '2021-12-21 15:23:59', 295, 1, 44),
(71, '2021-12-21 15:36:28', 615, 1, 22),
(72, '2021-12-21 15:39:43', 106, 1, 10),
(73, '2021-12-21 15:53:14', 481, 1, 10),
(74, '2021-12-22 07:28:49', 670, 1, 47),
(75, '2021-12-22 07:28:50', 671, 1, 47),
(76, '2021-12-22 07:29:16', 671, 1, 50),
(77, '2021-12-22 07:29:38', 670, 1, 50),
(78, '2021-12-22 07:30:03', 622, 1, 42),
(79, '2021-12-22 07:30:27', 661, 1, 42),
(80, '2021-12-22 07:31:16', 661, 1, 52),
(81, '2021-12-22 07:32:06', 622, 1, 52),
(82, '2021-12-22 07:38:53', 661, 1, 21),
(83, '2021-12-22 07:38:54', 622, 1, 21),
(84, '2021-12-22 07:41:00', 661, 1, 47),
(85, '2021-12-22 07:41:27', 191, 1, 10),
(86, '2021-12-22 08:46:00', 295, 1, 21),
(87, '2021-12-22 08:46:23', 614, 1, 53),
(88, '2021-12-22 08:46:23', 269, 1, 53),
(89, '2021-12-22 09:01:32', 666, 1, 13),
(90, '2021-12-22 09:01:53', 188, 1, 52),
(91, '2021-12-22 09:37:58', 334, 1, 53),
(92, '2021-12-22 09:37:58', 661, 1, 53),
(93, '2021-12-22 10:01:04', 233, 1, 44),
(94, '2021-12-22 10:01:04', 486, 1, 44),
(95, '2021-12-22 10:42:13', 304, 1, 52),
(96, '2021-12-22 10:42:14', 128, 1, 52),
(97, '2021-12-22 10:42:14', 125, 1, 52),
(98, '2021-12-22 10:47:05', 622, 1, 58),
(99, '2021-12-22 10:47:06', 295, 1, 58),
(100, '2021-12-22 10:47:06', 661, 1, 58),
(101, '2021-12-22 10:51:30', 614, 1, 47),
(102, '2021-12-22 10:51:30', 269, 1, 47),
(103, '2021-12-22 10:55:53', 482, 1, 52),
(104, '2021-12-22 11:00:07', 287, 1, 17),
(105, '2021-12-22 11:00:08', 122, 1, 17),
(106, '2021-12-22 11:00:08', 118, 1, 17),
(107, '2021-12-22 13:04:22', 626, 1, 52),
(108, '2021-12-22 13:06:20', 632, 1, 52),
(109, '2021-12-22 13:06:41', 648, 1, 23),
(110, '2021-12-22 13:34:46', 435, 1, 49),
(111, '2021-12-22 13:34:47', 287, 1, 49),
(112, '2021-12-22 13:34:47', 77, 1, 49),
(113, '2021-12-22 13:43:09', 191, 1, 47),
(114, '2021-12-22 13:43:09', 192, 1, 47),
(115, '2021-12-22 14:31:39', 177, 1, 41),
(116, '2021-12-22 14:43:09', 668, 1, 23),
(117, '2021-12-22 15:25:26', 287, 1, 47),
(118, '2021-12-22 15:32:45', 191, 1, 53),
(119, '2021-12-22 15:39:44', 647, 1, 23),
(120, '2021-12-22 16:04:28', 106, 1, 58),
(121, '2021-12-22 16:04:29', 188, 1, 58),
(122, '2021-12-22 16:14:14', 525, 1, 10),
(123, '2021-12-23 07:31:23', 188, 1, 58),
(124, '2021-12-23 07:31:24', 622, 1, 58),
(125, '2021-12-23 07:31:25', 110, 1, 58),
(126, '2021-12-23 07:32:30', 670, 1, 53),
(127, '2021-12-23 07:32:31', 671, 1, 53),
(128, '2021-12-23 07:36:33', 622, 1, 42),
(129, '2021-12-23 07:38:55', 622, 1, 52),
(130, '2021-12-23 07:38:56', 661, 1, 52),
(131, '2021-12-23 07:41:16', 661, 1, 23),
(132, '2021-12-23 07:46:49', 304, 1, 25),
(133, '2021-12-23 07:47:04', 295, 1, 23),
(134, '2021-12-23 07:50:30', 287, 1, 47),
(135, '2021-12-23 07:50:31', 77, 1, 47),
(136, '2021-12-23 07:50:32', 614, 1, 47),
(137, '2021-12-23 07:50:32', 269, 1, 47),
(138, '2021-12-23 07:50:54', 661, 1, 47),
(139, '2021-12-23 07:54:12', 385, 1, 55),
(140, '2021-12-23 08:00:03', 106, 1, 23),
(141, '2021-12-23 08:00:27', 173, 1, 13),
(142, '2021-12-23 08:11:19', 661, 1, 13),
(143, '2021-12-23 08:11:41', 43, 1, 41),
(144, '2021-12-23 08:14:04', 643, 1, 25),
(145, '2021-12-23 08:44:20', 665, 1, 23),
(146, '2021-12-23 08:44:21', 667, 1, 23),
(147, '2021-12-23 08:44:37', 112, 1, 51),
(148, '2021-12-23 08:49:44', 108, 1, 53),
(149, '2021-12-23 08:56:11', 106, 1, 52),
(150, '2021-12-23 09:00:25', 110, 1, 53),
(151, '2021-12-23 09:14:26', 42, 1, 39),
(152, '2021-12-23 09:15:58', 647, 1, 13),
(153, '2021-12-23 09:21:25', 106, 1, 10),
(154, '2021-12-23 09:33:46', 661, 1, 47),
(155, '2021-12-23 09:34:34', 104, 1, 42),
(156, '2021-12-23 09:40:48', 192, 1, 52),
(157, '2021-12-23 09:58:12', 346, 1, 25),
(158, '2021-12-23 10:04:24', 647, 1, 43),
(159, '2021-12-23 10:05:31', 622, 1, 51),
(160, '2021-12-23 10:05:32', 661, 1, 51),
(161, '2021-12-23 10:10:12', 173, 1, 31),
(162, '2021-12-23 10:14:57', 304, 1, 25),
(163, '2021-12-23 10:15:28', 668, 1, 23),
(164, '2021-12-23 10:22:25', 41, 1, 47),
(165, '2021-12-23 10:43:05', 304, 1, 49),
(166, '2021-12-23 10:43:25', 192, 1, 39),
(167, '2021-12-23 11:07:56', 233, 1, 52),
(168, '2021-12-23 11:07:57', 233, 1, 52),
(169, '2021-12-23 11:07:58', 173, 1, 52),
(170, '2021-12-23 11:08:22', 104, 1, 53),
(171, '2021-12-23 11:15:00', 643, 1, 25),
(172, '2021-12-23 12:46:53', 385, 1, 52),
(173, '2021-12-23 13:43:40', 385, 1, 10),
(174, '2021-12-23 13:43:40', 233, 1, 10),
(175, '2021-12-23 13:43:41', 239, 1, 10),
(176, '2021-12-23 13:59:47', 191, 1, 10),
(177, '2021-12-23 14:04:30', 236, 1, 52),
(178, '2021-12-23 14:14:51', 192, 1, 10),
(179, '2021-12-23 14:55:00', 43, 1, 10),
(180, '2021-12-23 14:55:00', 43, 1, 10),
(181, '2021-12-23 15:29:40', 615, 1, 43),
(182, '2021-12-23 15:30:09', 272, 1, 39),
(183, '2021-12-23 15:34:55', 287, 1, 38),
(184, '2021-12-23 15:34:55', 45, 1, 38),
(185, '2021-12-23 15:39:55', 287, 1, 38),
(186, '2021-12-23 15:39:56', 45, 1, 38),
(187, '2021-12-23 16:07:44', 304, 1, 10),
(188, '2021-12-23 16:18:30', 622, 1, 47),
(189, '2021-12-23 16:27:50', 304, 1, 10);

--
-- Indexes for dumped tables
--

--
-- Indexes for table `consumivel`
--
ALTER TABLE `consumivel`
  ADD PRIMARY KEY (`cod`);

--
-- Indexes for table `epi`
--
ALTER TABLE `epi`
  ADD PRIMARY KEY (`cod`),
  ADD UNIQUE KEY `nome` (`nome`);

--
-- Indexes for table `epicompleto`
--
ALTER TABLE `epicompleto`
  ADD PRIMARY KEY (`cod`),
  ADD UNIQUE KEY `nome` (`nome`,`ca`);

--
-- Indexes for table `ferramenta`
--
ALTER TABLE `ferramenta`
  ADD PRIMARY KEY (`cod`);

--
-- Indexes for table `funcaofuncionario`
--
ALTER TABLE `funcaofuncionario`
  ADD PRIMARY KEY (`cod`),
  ADD UNIQUE KEY `nome` (`nome`);

--
-- Indexes for table `funcionario`
--
ALTER TABLE `funcionario`
  ADD PRIMARY KEY (`cod`),
  ADD KEY `funcao` (`funcao`);

--
-- Indexes for table `login`
--
ALTER TABLE `login`
  ADD PRIMARY KEY (`cod`),
  ADD KEY `funcao` (`funcao`);

--
-- Indexes for table `marcaconsumivel`
--
ALTER TABLE `marcaconsumivel`
  ADD PRIMARY KEY (`cod`),
  ADD KEY `codConsumivel` (`codConsumivel`);

--
-- Indexes for table `marcaepi`
--
ALTER TABLE `marcaepi`
  ADD PRIMARY KEY (`cod`),
  ADD UNIQUE KEY `nome` (`nome`,`codEPI`),
  ADD KEY `codEPI` (`codEPI`);

--
-- Indexes for table `relacionarequisicaocompleta`
--
ALTER TABLE `relacionarequisicaocompleta`
  ADD KEY `codEPI` (`codEPI`),
  ADD KEY `codRequisicao` (`codRequisicao`);

--
-- Indexes for table `relacionasaidaconsumivel`
--
ALTER TABLE `relacionasaidaconsumivel`
  ADD PRIMARY KEY (`codConsumivel`,`codSaida`),
  ADD KEY `codSaida` (`codSaida`);

--
-- Indexes for table `requisicaosaida`
--
ALTER TABLE `requisicaosaida`
  ADD PRIMARY KEY (`cod`),
  ADD KEY `codFuncionario` (`codFuncionario`),
  ADD KEY `codResponsavel` (`codResponsavel`);

--
-- Indexes for table `responsavel`
--
ALTER TABLE `responsavel`
  ADD PRIMARY KEY (`cod`),
  ADD UNIQUE KEY `senha` (`senha`);

--
-- Indexes for table `saidaconsumiveis`
--
ALTER TABLE `saidaconsumiveis`
  ADD PRIMARY KEY (`cod`),
  ADD KEY `codcons` (`codcons`),
  ADD KEY `codfunc` (`codfunc`),
  ADD KEY `codResp` (`codresp`);

--
-- Indexes for table `saidaFerramenta`
--
ALTER TABLE `saidaFerramenta`
  ADD PRIMARY KEY (`cod`),
  ADD KEY `codFerramenta` (`codFerramenta`),
  ADD KEY `codFuncionario` (`codFuncionario`);

--
-- AUTO_INCREMENT for dumped tables
--

--
-- AUTO_INCREMENT for table `consumivel`
--
ALTER TABLE `consumivel`
  MODIFY `cod` int(11) NOT NULL AUTO_INCREMENT, AUTO_INCREMENT=132;

--
-- AUTO_INCREMENT for table `epi`
--
ALTER TABLE `epi`
  MODIFY `cod` int(11) NOT NULL AUTO_INCREMENT;

--
-- AUTO_INCREMENT for table `epicompleto`
--
ALTER TABLE `epicompleto`
  MODIFY `cod` int(11) NOT NULL AUTO_INCREMENT, AUTO_INCREMENT=55;

--
-- AUTO_INCREMENT for table `ferramenta`
--
ALTER TABLE `ferramenta`
  MODIFY `cod` int(11) NOT NULL AUTO_INCREMENT, AUTO_INCREMENT=686;

--
-- AUTO_INCREMENT for table `funcaofuncionario`
--
ALTER TABLE `funcaofuncionario`
  MODIFY `cod` int(11) NOT NULL AUTO_INCREMENT, AUTO_INCREMENT=37;

--
-- AUTO_INCREMENT for table `funcionario`
--
ALTER TABLE `funcionario`
  MODIFY `cod` int(11) NOT NULL AUTO_INCREMENT, AUTO_INCREMENT=60;

--
-- AUTO_INCREMENT for table `login`
--
ALTER TABLE `login`
  MODIFY `cod` int(11) NOT NULL AUTO_INCREMENT, AUTO_INCREMENT=14;

--
-- AUTO_INCREMENT for table `marcaconsumivel`
--
ALTER TABLE `marcaconsumivel`
  MODIFY `cod` int(11) NOT NULL AUTO_INCREMENT;

--
-- AUTO_INCREMENT for table `marcaepi`
--
ALTER TABLE `marcaepi`
  MODIFY `cod` int(11) NOT NULL AUTO_INCREMENT;

--
-- AUTO_INCREMENT for table `requisicaosaida`
--
ALTER TABLE `requisicaosaida`
  MODIFY `cod` int(11) NOT NULL AUTO_INCREMENT, AUTO_INCREMENT=46;

--
-- AUTO_INCREMENT for table `responsavel`
--
ALTER TABLE `responsavel`
  MODIFY `cod` int(11) NOT NULL AUTO_INCREMENT, AUTO_INCREMENT=2;

--
-- AUTO_INCREMENT for table `saidaconsumiveis`
--
ALTER TABLE `saidaconsumiveis`
  MODIFY `cod` int(11) NOT NULL AUTO_INCREMENT, AUTO_INCREMENT=2;

--
-- AUTO_INCREMENT for table `saidaFerramenta`
--
ALTER TABLE `saidaFerramenta`
  MODIFY `cod` int(11) NOT NULL AUTO_INCREMENT, AUTO_INCREMENT=190;

--
-- Constraints for dumped tables
--

--
-- Constraints for table `relacionarequisicaocompleta`
--
ALTER TABLE `relacionarequisicaocompleta`
  ADD CONSTRAINT `relacionarequisicaocompleta_ibfk_1` FOREIGN KEY (`codEPI`) REFERENCES `epicompleto` (`cod`),
  ADD CONSTRAINT `relacionarequisicaocompleta_ibfk_2` FOREIGN KEY (`codRequisicao`) REFERENCES `requisicaosaida` (`cod`);

--
-- Constraints for table `saidaconsumiveis`
--
ALTER TABLE `saidaconsumiveis`
  ADD CONSTRAINT `saidaconsumiveis_ibfk_1` FOREIGN KEY (`codcons`) REFERENCES `consumivel` (`cod`),
  ADD CONSTRAINT `saidaconsumiveis_ibfk_2` FOREIGN KEY (`codfunc`) REFERENCES `funcionario` (`cod`),
  ADD CONSTRAINT `saidaconsumiveis_ibfk_3` FOREIGN KEY (`codresp`) REFERENCES `responsavel` (`cod`);

--
-- Constraints for table `saidaFerramenta`
--
ALTER TABLE `saidaFerramenta`
  ADD CONSTRAINT `saidaFerramenta_ibfk_1` FOREIGN KEY (`codFerramenta`) REFERENCES `ferramenta` (`cod`),
  ADD CONSTRAINT `saidaFerramenta_ibfk_2` FOREIGN KEY (`codFuncionario`) REFERENCES `funcionario` (`cod`);
COMMIT;

/*!40101 SET CHARACTER_SET_CLIENT=@OLD_CHARACTER_SET_CLIENT */;
/*!40101 SET CHARACTER_SET_RESULTS=@OLD_CHARACTER_SET_RESULTS */;
/*!40101 SET COLLATION_CONNECTION=@OLD_COLLATION_CONNECTION */;
